"timeframe","pair","order","s","n_boxes","F_xy2","F_xx","F_yy","rho_dcca","reliable"
"1D","VN30-VNINDEX",1,5,1184,3.77278542617716e-05,0.0063987209163422,0.00609790222808691,0.966915407099293,TRUE
"1D","VN30-VNINDEX",1,6,986,4.77459082329561e-05,0.00720666603604511,0.0068616958782813,0.965540058567926,TRUE
"1D","VN30-VNINDEX",1,7,846,6.00124687344534e-05,0.00807110266351677,0.00769502229263127,0.966270540111761,TRUE
"1D","VN30-VNINDEX",1,8,740,6.73474927349097e-05,0.00857020357314114,0.00815062212628707,0.964138742886349,TRUE
"1D","VN30-VNINDEX",1,10,592,9.21706393441975e-05,0.00998592331205848,0.00955297533948294,0.966197071523185,TRUE
"1D","VN30-VNINDEX",1,12,492,0.000109091114391998,0.0108525811120981,0.010416975571051,0.964971956001413,TRUE
"1D","VN30-VNINDEX",1,14,422,0.000130192541905526,0.0118015636315551,0.0114246886785515,0.965610944551507,TRUE
"1D","VN30-VNINDEX",1,17,348,0.000156949209427729,0.0129770156707122,0.0125292643275806,0.96529205529957,TRUE
"1D","VN30-VNINDEX",1,20,296,0.000195088933679558,0.0144673865834354,0.0139123628156304,0.969263042417255,TRUE
"1D","VN30-VNINDEX",1,24,246,0.000241116806439734,0.0160470247259805,0.0155354015559468,0.967187060630767,TRUE
"1D","VN30-VNINDEX",1,28,210,0.000281857679969909,0.0173740773873642,0.0167518887239569,0.968421319480969,TRUE
"1D","VN30-VNINDEX",1,33,178,0.000345128568288321,0.0190921121673107,0.0186669892242597,0.968395261847034,TRUE
"1D","VN30-VNINDEX",1,40,148,0.000384174573436919,0.0200894075780658,0.0198716355321752,0.962338530706571,TRUE
"1D","VN30-VNINDEX",1,47,126,0.000537280961653899,0.023582298706024,0.0234714966908022,0.970676536550797,TRUE
"1D","VN30-VNINDEX",1,56,104,0.000612292485744867,0.0252154020498891,0.025150464538665,0.965488313634198,FALSE
"1D","VN30-VNINDEX",1,66,88,0.000689570052425218,0.0267472778333903,0.0267084937896491,0.965271327995336,FALSE
"1D","VN30-VNINDEX",1,79,74,0.000867496821660287,0.0299401620576737,0.0298735388019631,0.969900255296142,FALSE
"1D","VN30-VNINDEX",1,94,62,0.000941001191341249,0.0313066413931398,0.0310822213535694,0.967033781729865,FALSE
"1D","VN30-VNINDEX",1,111,52,0.00113208849238557,0.0340745124137377,0.034255665283879,0.969880704735387,FALSE
"1D","VN30-VNINDEX",1,132,44,0.00135359790067627,0.0374903194477148,0.0372277651794242,0.969847756051047,FALSE
"1D","VN30-VNINDEX",1,157,36,0.00154942440677299,0.040001950705428,0.0398744794612715,0.971391269319004,FALSE
"1D","VN30-VNINDEX",1,186,30,0.00194494694907285,0.0443961008569108,0.0449059388962608,0.975571601019555,FALSE
"1D","VN30-VNINDEX",1,222,26,0.00234583963675824,0.0492729814623347,0.0490829578772584,0.969971003642867,FALSE
"1D","VN30-VNINDEX",1,263,22,0.0028093482262279,0.0536429747501289,0.0538767557883763,0.972055998039672,FALSE
"1D","VN30-VNINDEX",1,313,18,0.00302188543932625,0.0569576239691463,0.0551168047412301,0.962591670885851,FALSE
"1D","VN30-VNINDEX",1,371,14,0.00420407455349343,0.0667344771669621,0.0648758703974334,0.971039617720552,FALSE
"1D","VN30-VNINDEX",1,441,12,0.00616890986309254,0.082762594438338,0.0766015481190855,0.973053639398348,FALSE
"1D","VN30-VNINDEX",1,524,10,0.00697267135284518,0.0897381148623258,0.0798516575274013,0.973057083102641,FALSE
"1D","VN30-VNINDEX",1,623,8,0.00877534359388565,0.100441505318474,0.0894858246079369,0.97633008654475,FALSE
"1D","VN30-VNINDEX",1,740,8,0.0122425364049025,0.120927433172491,0.103017586677016,0.982732226112787,FALSE
"1D","VN30-VNINDEX",2,5,1184,1.71845753703392e-05,0.00436268934511122,0.0040735289391052,0.966971580044706,TRUE
"1D","VN30-VNINDEX",2,6,986,2.41783352826471e-05,0.00513798700639839,0.00487255886179165,0.965775757748799,TRUE
"1D","VN30-VNINDEX",2,7,846,3.32287454309452e-05,0.00603301792563301,0.00569267183540975,0.967527193055938,TRUE
"1D","VN30-VNINDEX",2,8,740,3.98017927893764e-05,0.00658577400253781,0.0062497783778086,0.967010509082697,TRUE
"1D","VN30-VNINDEX",2,10,592,5.30502649137307e-05,0.00759385471503597,0.00723867165580336,0.965086843932045,TRUE
"1D","VN30-VNINDEX",2,12,492,6.96418401197425e-05,0.00868612666273071,0.00831310535619244,0.96445239341752,TRUE
"1D","VN30-VNINDEX",2,14,422,7.95959864458374e-05,0.00928224438053689,0.0088885434977371,0.964733965624477,TRUE
"1D","VN30-VNINDEX",2,17,348,9.87311123118307e-05,0.0103527996913591,0.00988590253731213,0.964672490691442,TRUE
"1D","VN30-VNINDEX",2,20,296,0.000117883236946741,0.0112921763646997,0.0108153837795974,0.965233675393558,TRUE
"1D","VN30-VNINDEX",2,24,246,0.000142486226477588,0.0123972067422894,0.0118966473471765,0.966105274717626,TRUE
"1D","VN30-VNINDEX",2,28,210,0.000179382559149244,0.0138553535230796,0.0133705174566604,0.968309937227311,TRUE
"1D","VN30-VNINDEX",2,33,178,0.000209815254818128,0.0149730273946427,0.0144638179515413,0.96882312096844,TRUE
"1D","VN30-VNINDEX",2,40,148,0.000254668694239478,0.0165122718921692,0.0158984371275658,0.970095068142847,TRUE
"1D","VN30-VNINDEX",2,47,126,0.000299729095883639,0.0178876369744626,0.0173938159695369,0.963343253898063,TRUE
"1D","VN30-VNINDEX",2,56,104,0.000354086265730121,0.0193638133283661,0.0188758966510175,0.968747519688294,FALSE
"1D","VN30-VNINDEX",2,66,88,0.000414387353236214,0.0208135309418668,0.0206178284706137,0.965645692237999,FALSE
"1D","VN30-VNINDEX",2,79,74,0.000488998282594598,0.0226399649678219,0.0224481612872039,0.96216777922616,FALSE
"1D","VN30-VNINDEX",2,94,62,0.000675236877599161,0.0264077051816288,0.026411874564301,0.968113472857924,FALSE
"1D","VN30-VNINDEX",2,111,52,0.000739083896464488,0.0275814718543307,0.0277708944693655,0.964909169576773,FALSE
"1D","VN30-VNINDEX",2,132,44,0.000954405844883801,0.0312565237928981,0.0314717705408435,0.970222267889704,FALSE
"1D","VN30-VNINDEX",2,157,36,0.00104640549783702,0.0328465922694438,0.032921317929447,0.967681593608985,FALSE
"1D","VN30-VNINDEX",2,186,30,0.00120538451057497,0.0352133953740726,0.0353217709494731,0.969114816639516,FALSE
"1D","VN30-VNINDEX",2,222,26,0.00154420390782284,0.0395127574704897,0.040149911910683,0.973380656803165,FALSE
"1D","VN30-VNINDEX",2,263,22,0.00168329341470178,0.0412367635799352,0.042091075782337,0.969806801876007,FALSE
"1D","VN30-VNINDEX",2,313,18,0.00189886395164031,0.0442140224809435,0.0442412864839755,0.970747039792194,FALSE
"1D","VN30-VNINDEX",2,371,14,0.00250425608768451,0.0498571358613438,0.0514547669355159,0.976170764549021,FALSE
"1D","VN30-VNINDEX",2,441,12,0.00293868865143024,0.0548777934598646,0.0553467230234986,0.96753129839242,FALSE
"1D","VN30-VNINDEX",2,524,10,0.00358681746104108,0.0612217062344774,0.06052308111154,0.968016627463004,FALSE
"1D","VN30-VNINDEX",2,623,8,0.00495460710946993,0.072477817406717,0.0701919827725493,0.973905020149759,FALSE
"1D","VN30-VNINDEX",2,740,8,0.0054925561342826,0.0782495723693752,0.0722054968389888,0.972125355176991,FALSE
"1D","VN30-VNINDEX",3,5,1184,7.32055576557761e-06,0.00282693291513279,0.00266675091402769,0.971060074126663,TRUE
"1D","VN30-VNINDEX",3,6,986,1.38313228890804e-05,0.00388409308297165,0.00367445315533075,0.969128522694714,TRUE
"1D","VN30-VNINDEX",3,7,846,1.83120344214718e-05,0.00448780432993917,0.00422189572839036,0.966485137295731,TRUE
"1D","VN30-VNINDEX",3,8,740,2.44467983424114e-05,0.00518897399535495,0.00487142328481147,0.967129494661654,TRUE
"1D","VN30-VNINDEX",3,10,592,3.47400049596904e-05,0.00617632417350162,0.00581982607225417,0.966473137985086,TRUE
"1D","VN30-VNINDEX",3,12,492,4.7977161814825e-05,0.00720045880564264,0.00688970297303084,0.967105567791483,TRUE
"1D","VN30-VNINDEX",3,14,422,5.48088317753065e-05,0.00771833684033726,0.00736231970315632,0.964522015550052,TRUE
"1D","VN30-VNINDEX",3,17,348,7.08078453214093e-05,0.00877922417742238,0.00835523443977075,0.965309543562479,TRUE
"1D","VN30-VNINDEX",3,20,296,8.55250220424956e-05,0.00962954447961704,0.00921447646350565,0.96386627789178,TRUE
"1D","VN30-VNINDEX",3,24,246,0.000104478583832961,0.010606608364074,0.0102082699176686,0.964936199375841,TRUE
"1D","VN30-VNINDEX",3,28,210,0.000123163547576906,0.0115273837379462,0.0110700801271301,0.965163022113248,TRUE
"1D","VN30-VNINDEX",3,33,178,0.000148243470983109,0.0126242897028466,0.0121281838629152,0.968217327444217,TRUE
"1D","VN30-VNINDEX",3,40,148,0.000187585006114629,0.014202736243361,0.0136491365347348,0.96765583940934,TRUE
"1D","VN30-VNINDEX",3,47,126,0.000223247187657333,0.0154625648708813,0.0149385610099295,0.966486287908222,TRUE
"1D","VN30-VNINDEX",3,56,104,0.000281530912001803,0.0173846843311907,0.0166763323853932,0.97108833048192,FALSE
"1D","VN30-VNINDEX",3,66,88,0.00031613278368044,0.0182091600300042,0.0179122873118262,0.969233856404666,FALSE
"1D","VN30-VNINDEX",3,79,74,0.000397941119414929,0.0204566614173744,0.020092886081144,0.968147967826022,FALSE
"1D","VN30-VNINDEX",3,94,62,0.000434762837876867,0.021420753005922,0.0210876378592951,0.962475640271395,FALSE
"1D","VN30-VNINDEX",3,111,52,0.00051113283550543,0.0231563985017098,0.0229071037125559,0.963590665631744,FALSE
"1D","VN30-VNINDEX",3,132,44,0.000626324863659055,0.0255683631820133,0.0254236588410552,0.9635154297918,FALSE
"1D","VN30-VNINDEX",3,157,36,0.000772294166649916,0.0281995925192748,0.0283978103510051,0.964395259944588,FALSE
"1D","VN30-VNINDEX",3,186,30,0.000997730566132141,0.0321416307640495,0.0320004954679195,0.970037820130304,FALSE
"1D","VN30-VNINDEX",3,222,26,0.00113846275195138,0.0340280686261428,0.0344123604567682,0.972225622914345,FALSE
"1D","VN30-VNINDEX",3,263,22,0.00128793980686062,0.0361959351968256,0.0366339812605648,0.971296101004729,FALSE
"1D","VN30-VNINDEX",3,313,18,0.00150561802043534,0.0392418060019745,0.0395648923328863,0.969741160208595,FALSE
"1D","VN30-VNINDEX",3,371,14,0.00172241803066623,0.041886735222988,0.042315525820287,0.971767364540934,FALSE
"1D","VN30-VNINDEX",3,441,12,0.00216531364705012,0.0471180889214521,0.0475584175886128,0.966286138852319,FALSE
"1D","VN30-VNINDEX",3,524,10,0.00220560454727337,0.0483769343306316,0.0475871517629092,0.958075188557853,FALSE
"1D","VN30-VNINDEX",3,623,8,0.00335298206495602,0.0581139162706417,0.059285232777087,0.973205506724547,FALSE
"1D","VN30-VNINDEX",3,740,8,0.00315706096159415,0.0588161447791395,0.0559724846564736,0.958985029733912,FALSE
"1D","VN30-VN100",1,5,1184,3.97694427354797e-05,0.0063987209163422,0.00628451744165682,0.988972922543282,TRUE
"1D","VN30-VN100",1,6,986,5.05446328305611e-05,0.00720666603604511,0.00709588957193213,0.988402421910041,TRUE
"1D","VN30-VN100",1,7,846,6.33372106452783e-05,0.00807110266351677,0.00794030173617371,0.988300592040216,TRUE
"1D","VN30-VN100",1,8,740,7.12095339593781e-05,0.00857020357314114,0.00841376482802693,0.987544413218915,TRUE
"1D","VN30-VN100",1,10,592,9.67986868984475e-05,0.00998592331205848,0.00981008419079927,0.988117304439132,TRUE
"1D","VN30-VN100",1,12,492,0.000114419403944309,0.0108525811120981,0.0106814063374846,0.987047843413796,TRUE
"1D","VN30-VN100",1,14,422,0.000135682700809508,0.0118015636315551,0.0116399678559382,0.987718404993338,TRUE
"1D","VN30-VN100",1,17,348,0.000163614508038462,0.0129770156707122,0.0127689985184085,0.987393230007389,TRUE
"1D","VN30-VN100",1,20,296,0.000203248092928151,0.0144673865834354,0.0142174565401414,0.988130907103093,TRUE
"1D","VN30-VN100",1,24,246,0.000252218620273091,0.0160470247259805,0.015912739988279,0.987728664132291,TRUE
"1D","VN30-VN100",1,28,210,0.000294723347711203,0.0173740773873642,0.0171761774568152,0.987611803114382,TRUE
"1D","VN30-VN100",1,33,178,0.000357320010797207,0.0190921121673107,0.0189609987324248,0.987056816491834,TRUE
"1D","VN30-VN100",1,40,148,0.000394506078739833,0.0200894075780658,0.0199350620713221,0.98507427395688,TRUE
"1D","VN30-VN100",1,47,126,0.000547047915630564,0.023582298706024,0.0234829380047341,0.987840437131698,TRUE
"1D","VN30-VN100",1,56,104,0.00062656778672061,0.0252154020498891,0.0252115188089501,0.985605586214863,FALSE
"1D","VN30-VN100",1,66,88,0.00070425815060371,0.0267472778333903,0.0266966713625763,0.986268534249197,FALSE
"1D","VN30-VN100",1,79,74,0.000885455234452738,0.0299401620576737,0.0299676596344239,0.986869292140239,FALSE
"1D","VN30-VN100",1,94,62,0.000968448233224424,0.0313066413931398,0.0313646334571511,0.986278840874682,FALSE
"1D","VN30-VN100",1,111,52,0.00115377913954285,0.0340745124137377,0.0343314862772775,0.986280455927386,FALSE
"1D","VN30-VN100",1,132,44,0.0014005324851496,0.0374903194477148,0.0378438543273371,0.98713984830672,FALSE
"1D","VN30-VN100",1,157,36,0.00156825792291991,0.040001950705428,0.0397654874795475,0.985893513329231,FALSE
"1D","VN30-VN100",1,186,30,0.00194829439980533,0.0443961008569108,0.0444317477083177,0.987680220197573,FALSE
"1D","VN30-VN100",1,222,26,0.00239475720201944,0.0492729814623347,0.049302285960578,0.98579268202907,FALSE
"1D","VN30-VN100",1,263,22,0.0028961036089805,0.0536429747501289,0.054722512952146,0.986586591188716,FALSE
"1D","VN30-VN100",1,313,18,0.00317425565801199,0.0569576239691463,0.0565267176550138,0.985907726905642,FALSE
"1D","VN30-VN100",1,371,14,0.00440823808123426,0.0667344771669621,0.0670416019923524,0.985304341055527,FALSE
"1D","VN30-VN100",1,441,12,0.00664598134734731,0.082762594438338,0.0811891234058361,0.989070318771003,FALSE
"1D","VN30-VN100",1,524,10,0.00775441505141151,0.0897381148623258,0.0873388933482928,0.989382936315199,FALSE
"1D","VN30-VN100",1,623,8,0.00992174701407022,0.100441505318474,0.0997281510425393,0.99050613307408,FALSE
"1D","VN30-VN100",1,740,8,0.0139170785072547,0.120927433172491,0.116056223171101,0.991641764386714,FALSE
"1D","VN30-VN100",2,5,1184,1.83303670128462e-05,0.00436268934511122,0.00424883136530122,0.988888615006978,TRUE
"1D","VN30-VN100",2,6,986,2.56354631409497e-05,0.00513798700639839,0.00504657549378677,0.98867008131712,TRUE
"1D","VN30-VN100",2,7,846,3.53534575267492e-05,0.00603301792563301,0.00592417469340648,0.989166549288061,TRUE
"1D","VN30-VN100",2,8,740,4.21106659139198e-05,0.00658577400253781,0.00646857068530236,0.988500646108759,TRUE
"1D","VN30-VN100",2,10,592,5.59794267498188e-05,0.00759385471503597,0.0074570065706965,0.988556820961553,TRUE
"1D","VN30-VN100",2,12,492,7.35803970416584e-05,0.00868612666273071,0.00857421582148677,0.987964996829964,TRUE
"1D","VN30-VN100",2,14,422,8.39630901633901e-05,0.00928224438053689,0.00915786964206042,0.987736172025638,TRUE
"1D","VN30-VN100",2,17,348,0.00010393596837831,0.0103527996913591,0.0101696469158256,0.987193258163041,TRUE
"1D","VN30-VN100",2,20,296,0.000123817149472809,0.0112921763646997,0.0111054300641145,0.987342354262829,TRUE
"1D","VN30-VN100",2,24,246,0.000149164455246631,0.0123972067422894,0.0121852356329366,0.987432848948573,TRUE
"1D","VN30-VN100",2,28,210,0.000187130649458731,0.0138553535230796,0.0136657858223597,0.988308893618963,TRUE
"1D","VN30-VN100",2,33,178,0.000219394641300811,0.0149730273946427,0.0148287890294886,0.988122321655921,TRUE
"1D","VN30-VN100",2,40,148,0.000265106907798816,0.0165122718921692,0.0162423089274423,0.98847672228064,TRUE
"1D","VN30-VN100",2,47,126,0.000313798181136045,0.0178876369744626,0.0177888519657256,0.986164871967684,TRUE
"1D","VN30-VN100",2,56,104,0.000367195945806994,0.0193638133283661,0.0192369131894088,0.985760938890033,FALSE
"1D","VN30-VN100",2,66,88,0.000425963450296967,0.0208135309418668,0.0207939962034707,0.984211902473021,FALSE
"1D","VN30-VN100",2,79,74,0.000505625304306339,0.0226399649678219,0.0226905040152734,0.984257894888085,FALSE
"1D","VN30-VN100",2,94,62,0.000688789601033246,0.0264077051816288,0.0264428593192901,0.986387373735666,FALSE
"1D","VN30-VN100",2,111,52,0.000755765468229575,0.0275814718543307,0.0278018358834059,0.985589643257938,FALSE
"1D","VN30-VN100",2,132,44,0.000968096550490224,0.0312565237928981,0.0313748086118872,0.987181280095697,FALSE
"1D","VN30-VN100",2,157,36,0.00107185693921772,0.0328465922694438,0.0330756106755205,0.986594370514505,FALSE
"1D","VN30-VN100",2,186,30,0.00123290756850901,0.0352133953740726,0.0354682627692104,0.987148973682749,FALSE
"1D","VN30-VN100",2,222,26,0.00157399313950108,0.0395127574704897,0.0403477982363816,0.987292086229318,FALSE
"1D","VN30-VN100",2,263,22,0.00171797745506979,0.0412367635799352,0.0422417734954641,0.986258465463185,FALSE
"1D","VN30-VN100",2,313,18,0.00191972733208931,0.0442140224809435,0.0440650785008478,0.985337411127308,FALSE
"1D","VN30-VN100",2,371,14,0.00241549008951683,0.0498571358613438,0.0491597906582718,0.985525598065614,FALSE
"1D","VN30-VN100",2,441,12,0.0029400331332383,0.0548777934598646,0.0544330888023105,0.984220949568488,FALSE
"1D","VN30-VN100",2,524,10,0.0037497227774439,0.0612217062344774,0.0620736286869229,0.98670333874786,FALSE
"1D","VN30-VN100",2,623,8,0.00521101428787811,0.072477817406717,0.0728396577862415,0.987072972981571,FALSE
"1D","VN30-VN100",2,740,8,0.0059311769633471,0.0782495723693752,0.0767450739514893,0.987662126022767,FALSE
"1D","VN30-VN100",3,5,1184,7.7227118265742e-06,0.00282693291513279,0.00275751146266655,0.99068822343457,TRUE
"1D","VN30-VN100",3,6,986,1.46545002311426e-05,0.00388409308297165,0.00381128099112625,0.989943512700441,TRUE
"1D","VN30-VN100",3,7,846,1.9494888153183e-05,0.00448780432993917,0.00439166452694185,0.98913980034727,TRUE
"1D","VN30-VN100",3,8,740,2.60725324657327e-05,0.00518897399535495,0.00507998361145775,0.989098199924588,TRUE
"1D","VN30-VN100",3,10,592,3.68960641082947e-05,0.00617632417350162,0.00603953755178003,0.989113824295835,TRUE
"1D","VN30-VN100",3,12,492,5.05686468282983e-05,0.00720045880564264,0.00710357385587238,0.988653850578689,TRUE
"1D","VN30-VN100",3,14,422,5.77142135235901e-05,0.00771833684033726,0.00756968224914589,0.987828164317477,TRUE
"1D","VN30-VN100",3,17,348,7.47287421422442e-05,0.00877922417742238,0.0086148282760756,0.988063618469218,TRUE
"1D","VN30-VN100",3,20,296,9.00096749982532e-05,0.00962954447961704,0.00946586602496487,0.987468149860933,TRUE
"1D","VN30-VN100",3,24,246,0.000109561964737321,0.010606608364074,0.0104642332094504,0.987133449468317,TRUE
"1D","VN30-VN100",3,28,210,0.000129342002051279,0.0115273837379462,0.0113640415810386,0.987361102750078,TRUE
"1D","VN30-VN100",3,33,178,0.000155748475460466,0.0126242897028466,0.0124869667402833,0.988006716919129,TRUE
"1D","VN30-VN100",3,40,148,0.000196525935099501,0.014202736243361,0.0140089677864743,0.987737887856761,TRUE
"1D","VN30-VN100",3,47,126,0.000233529776397542,0.0154625648708813,0.0152863901089215,0.987997373916941,TRUE
"1D","VN30-VN100",3,56,104,0.000294987614895293,0.0173846843311907,0.0171597968636414,0.988837278827056,FALSE
"1D","VN30-VN100",3,66,88,0.000326008580194141,0.0182091600300042,0.0181275952374001,0.987640571757872,FALSE
"1D","VN30-VN100",3,79,74,0.000408818131094552,0.0204566614173744,0.0202611843669348,0.986348896337852,FALSE
"1D","VN30-VN100",3,94,62,0.00044711763542165,0.021420753005922,0.0212004140608503,0.984561214161683,FALSE
"1D","VN30-VN100",3,111,52,0.000522057567462434,0.0231563985017098,0.0228938650419853,0.984755153556643,FALSE
"1D","VN30-VN100",3,132,44,0.000644168755290716,0.0255683631820133,0.0255967075151287,0.984266317772362,FALSE
"1D","VN30-VN100",3,157,36,0.000782071684914376,0.0281995925192748,0.0281325568014156,0.985812964210231,FALSE
"1D","VN30-VN100",3,186,30,0.00102291623975259,0.0321416307640495,0.0322173441896035,0.987830494865897,FALSE
"1D","VN30-VN100",3,222,26,0.00115772438657369,0.0340280686261428,0.0344497858091283,0.987600623482199,FALSE
"1D","VN30-VN100",3,263,22,0.00131058694687589,0.0361959351968256,0.0366958002547575,0.986710325707677,FALSE
"1D","VN30-VN100",3,313,18,0.00153980675302403,0.0392418060019745,0.0397869793491512,0.986225585111585,FALSE
"1D","VN30-VN100",3,371,14,0.00176380463847778,0.041886735222988,0.042647660069441,0.987367347749569,FALSE
"1D","VN30-VN100",3,441,12,0.00218826256341421,0.0471180889214521,0.0471722361543306,0.984521713903053,FALSE
"1D","VN30-VN100",3,524,10,0.00233138798659534,0.0483769343306316,0.0489352177938074,0.984815068989123,FALSE
"1D","VN30-VN100",3,623,8,0.00338493892671674,0.0581139162706417,0.0590544915727984,0.986319817261501,FALSE
"1D","VN30-VN100",3,740,8,0.00321903615184934,0.0588161447791395,0.0557536361968318,0.981648715882739,FALSE
"1D","VN100-VNINDEX",1,5,1184,3.74004195538887e-05,0.00628451744165682,0.00609790222808691,0.975942164171088,TRUE
"1D","VN100-VNINDEX",1,6,986,4.74465726743128e-05,0.00709588957193213,0.0068616958782813,0.974465645184769,TRUE
"1D","VN100-VNINDEX",1,7,846,5.95975903604606e-05,0.00794030173617371,0.00769502229263127,0.975397891068311,TRUE
"1D","VN100-VNINDEX",1,8,740,6.68154360130769e-05,0.00841376482802693,0.00815062212628707,0.974306676791831,TRUE
"1D","VN100-VNINDEX",1,10,592,9.1420429481664e-05,0.00981008419079927,0.00955297533948294,0.975510315171273,TRUE
"1D","VN100-VNINDEX",1,12,492,0.000108640263094556,0.0106814063374846,0.010416975571051,0.97638416261024,TRUE
"1D","VN100-VNINDEX",1,14,422,0.000129782159252227,0.0116399678559382,0.0114246886785515,0.975930385733442,TRUE
"1D","VN100-VNINDEX",1,17,348,0.000155954880399129,0.0127689985184085,0.0125292643275806,0.974802337301726,TRUE
"1D","VN100-VNINDEX",1,20,296,0.000193404916528223,0.0142174565401414,0.0139123628156304,0.977788006023637,TRUE
"1D","VN100-VNINDEX",1,24,246,0.000241337848225501,0.015912739988279,0.0155354015559468,0.976243120383978,TRUE
"1D","VN100-VNINDEX",1,28,210,0.000280994307716792,0.0171761774568152,0.0167518887239569,0.976578647360812,TRUE
"1D","VN100-VNINDEX",1,33,178,0.000346004625709071,0.0189609987324248,0.0186669892242597,0.977566744222167,TRUE
"1D","VN100-VNINDEX",1,40,148,0.000385626997435513,0.0199350620713221,0.0198716355321752,0.973455774147002,TRUE
"1D","VN100-VNINDEX",1,47,126,0.000539287514694262,0.0234829380047341,0.0234714966908022,0.978424120231258,TRUE
"1D","VN100-VNINDEX",1,56,104,0.00061858418894826,0.0252115188089501,0.025150464538665,0.975559572346181,FALSE
"1D","VN100-VNINDEX",1,66,88,0.000693892254327715,0.0266966713625763,0.0267084937896491,0.973162862959449,FALSE
"1D","VN100-VNINDEX",1,79,74,0.000875669445092674,0.0299676596344239,0.0298735388019631,0.978139273420938,FALSE
"1D","VN100-VNINDEX",1,94,62,0.000951465637761974,0.0313646334571511,0.0310822213535694,0.97597983089014,FALSE
"1D","VN100-VNINDEX",1,111,52,0.0011468205906045,0.0343314862772775,0.034255665283879,0.975147855845772,FALSE
"1D","VN100-VNINDEX",1,132,44,0.00137359202123415,0.0378438543273371,0.0372277651794242,0.974979381587002,FALSE
"1D","VN100-VNINDEX",1,157,36,0.00154641870558481,0.0397654874795475,0.0398744794612715,0.97527200240376,FALSE
"1D","VN100-VNINDEX",1,186,30,0.00194928722398592,0.0444317477083177,0.0449059388962608,0.976964220681414,FALSE
"1D","VN100-VNINDEX",1,222,26,0.00235688177199677,0.049302285960578,0.0490829578772584,0.973957518772941,FALSE
"1D","VN100-VNINDEX",1,263,22,0.00287195960962978,0.054722512952146,0.0538767557883763,0.974116407634889,FALSE
"1D","VN100-VNINDEX",1,313,18,0.00302867139926975,0.0565267176550138,0.0551168047412301,0.972107639072248,FALSE
"1D","VN100-VNINDEX",1,371,14,0.00423721137853677,0.0670416019923524,0.0648758703974334,0.974209923092472,FALSE
"1D","VN100-VNINDEX",1,441,12,0.00607640943032296,0.0811891234058361,0.0766015481190855,0.977038393204783,FALSE
"1D","VN100-VNINDEX",1,524,10,0.00681858691846636,0.0873388933482928,0.0798516575274013,0.977693573906704,FALSE
"1D","VN100-VNINDEX",1,623,8,0.00875711680544763,0.0997281510425393,0.0894858246079369,0.981271376532362,FALSE
"1D","VN100-VNINDEX",1,740,8,0.0117807536524986,0.116056223171101,0.103017586677016,0.985356236437671,FALSE
"1D","VN100-VNINDEX",2,5,1184,1.68901386422244e-05,0.00424883136530122,0.0040735289391052,0.975872127646346,TRUE
"1D","VN100-VNINDEX",2,6,986,2.39585656864686e-05,0.00504657549378677,0.00487255886179165,0.974331954853533,TRUE
"1D","VN100-VNINDEX",2,7,846,3.29240034734968e-05,0.00592417469340648,0.00569267183540975,0.976267053859899,TRUE
"1D","VN100-VNINDEX",2,8,740,3.94542766269372e-05,0.00646857068530236,0.0062497783778086,0.975935553667015,TRUE
"1D","VN100-VNINDEX",2,10,592,5.26087731095949e-05,0.0074570065706965,0.00723867165580336,0.974618768295906,TRUE
"1D","VN100-VNINDEX",2,12,492,6.94815160674084e-05,0.00857421582148677,0.00831310535619244,0.974791179024251,TRUE
"1D","VN100-VNINDEX",2,14,422,7.94068248309074e-05,0.00915786964206042,0.0088885434977371,0.975512348581131,TRUE
"1D","VN100-VNINDEX",2,17,348,9.80339157660978e-05,0.0101696469158256,0.00988590253731213,0.975111213477881,TRUE
"1D","VN100-VNINDEX",2,20,296,0.000117043362457326,0.0111054300641145,0.0108153837795974,0.974472243866908,TRUE
"1D","VN100-VNINDEX",2,24,246,0.000141558481235482,0.0121852356329366,0.0118966473471765,0.976511528220422,TRUE
"1D","VN100-VNINDEX",2,28,210,0.000178527958666738,0.0136657858223597,0.0133705174566604,0.977064904228211,TRUE
"1D","VN100-VNINDEX",2,33,178,0.000209499561376552,0.0148287890294886,0.0144638179515413,0.976774885444406,TRUE
"1D","VN100-VNINDEX",2,40,148,0.000252685682770807,0.0162423089274423,0.0158984371275658,0.978539666669655,TRUE
"1D","VN100-VNINDEX",2,47,126,0.000301846194195835,0.0177888519657256,0.0173938159695369,0.975535128178201,TRUE
"1D","VN100-VNINDEX",2,56,104,0.000354735829119978,0.0192369131894088,0.0188758966510175,0.976926925240349,FALSE
"1D","VN100-VNINDEX",2,66,88,0.000418287168846794,0.0207939962034707,0.0206178284706137,0.975649126479353,FALSE
"1D","VN100-VNINDEX",2,79,74,0.000495558317012761,0.0226905040152734,0.0224481612872039,0.972903694306987,FALSE
"1D","VN100-VNINDEX",2,94,62,0.00068187258571296,0.0264428593192901,0.026411874564301,0.976327651856882,FALSE
"1D","VN100-VNINDEX",2,111,52,0.000751882235613972,0.0278018358834059,0.0277708944693655,0.973837469759246,FALSE
"1D","VN100-VNINDEX",2,132,44,0.000964478084974862,0.0313748086118872,0.0314717705408435,0.976765029715266,FALSE
"1D","VN100-VNINDEX",2,157,36,0.00106159459586951,0.0330756106755205,0.032921317929447,0.974930404968928,FALSE
"1D","VN100-VNINDEX",2,186,30,0.00122180599347293,0.0354682627692104,0.0353217709494731,0.975258769014425,FALSE
"1D","VN100-VNINDEX",2,222,26,0.0015814847528242,0.0403477982363816,0.040149911910683,0.976248932558421,FALSE
"1D","VN100-VNINDEX",2,263,22,0.00173298924725688,0.0422417734954641,0.042091075782337,0.974683689903147,FALSE
"1D","VN100-VNINDEX",2,313,18,0.00189611236728622,0.0440650785008478,0.0442412864839755,0.972616819358065,FALSE
"1D","VN100-VNINDEX",2,371,14,0.00247352371897714,0.0491597906582718,0.0514547669355159,0.977868460703716,FALSE
"1D","VN100-VNINDEX",2,441,12,0.00293475055197828,0.0544330888023105,0.0553467230234986,0.974128616832995,FALSE
"1D","VN100-VNINDEX",2,524,10,0.00364151865735811,0.0620736286869229,0.06052308111154,0.969291437713203,FALSE
"1D","VN100-VNINDEX",2,623,8,0.00500405892515487,0.0728396577862415,0.0701919827725493,0.978739256440765,FALSE
"1D","VN100-VNINDEX",2,740,8,0.00540494872407199,0.0767450739514893,0.0722054968389888,0.9753731779481,FALSE
"1D","VN100-VNINDEX",3,5,1184,7.19010423528011e-06,0.00275751146266655,0.00266675091402769,0.977767071582277,TRUE
"1D","VN100-VNINDEX",3,6,986,1.36676695303896e-05,0.00381128099112625,0.00367445315533075,0.975957229776884,TRUE
"1D","VN100-VNINDEX",3,7,846,1.80848267096357e-05,0.00439166452694185,0.00422189572839036,0.975388635311233,TRUE
"1D","VN100-VNINDEX",3,8,740,2.41458657717705e-05,0.00507998361145775,0.00487142328481147,0.975718643111241,TRUE
"1D","VN100-VNINDEX",3,10,592,3.42691852134095e-05,0.00603953755178003,0.00581982607225417,0.974967383419228,TRUE
"1D","VN100-VNINDEX",3,12,492,4.77640840436165e-05,0.00710357385587238,0.00688970297303084,0.97594210362185,TRUE
"1D","VN100-VNINDEX",3,14,422,5.4307071319431e-05,0.00756968224914589,0.00736231970315632,0.974460098624145,TRUE
"1D","VN100-VNINDEX",3,17,348,7.01928285009946e-05,0.0086148282760756,0.00835523443977075,0.975186045379945,TRUE
"1D","VN100-VNINDEX",3,20,296,8.49996991539214e-05,0.00946586602496487,0.00921447646350565,0.974510157325226,TRUE
"1D","VN100-VNINDEX",3,24,246,0.000104161340909887,0.0104642332094504,0.0102082699176686,0.975095174967697,TRUE
"1D","VN100-VNINDEX",3,28,210,0.000122744182944672,0.0113640415810386,0.0110700801271301,0.97570232709619,TRUE
"1D","VN100-VNINDEX",3,33,178,0.000147902770644666,0.0124869667402833,0.0121281838629152,0.976615431923074,TRUE
"1D","VN100-VNINDEX",3,40,148,0.000186655364718562,0.0140089677864743,0.0136491365347348,0.976178328387385,TRUE
"1D","VN100-VNINDEX",3,47,126,0.000222854143700514,0.0152863901089215,0.0149385610099295,0.975903802009631,TRUE
"1D","VN100-VNINDEX",3,56,104,0.00028012952669199,0.0171597968636414,0.0166763323853932,0.978917747872489,FALSE
"1D","VN100-VNINDEX",3,66,88,0.00031733160789332,0.0181275952374001,0.0179122873118262,0.977286928775977,FALSE
"1D","VN100-VNINDEX",3,79,74,0.000398258479120551,0.0202611843669348,0.020092886081144,0.97826807411607,FALSE
"1D","VN100-VNINDEX",3,94,62,0.000435585405463163,0.0212004140608503,0.0210876378592951,0.97431870927579,FALSE
"1D","VN100-VNINDEX",3,111,52,0.000511137460393817,0.0228938650419853,0.0229071037125559,0.974649378885448,FALSE
"1D","VN100-VNINDEX",3,132,44,0.000633041654730925,0.0255967075151287,0.0254236588410552,0.972769913277464,FALSE
"1D","VN100-VNINDEX",3,157,36,0.000777790370069132,0.0281325568014156,0.0283978103510051,0.973572959007807,FALSE
"1D","VN100-VNINDEX",3,186,30,0.00100732715984339,0.0322173441896035,0.0320004954679195,0.977066457331839,FALSE
"1D","VN100-VNINDEX",3,222,26,0.0011599898399331,0.0344497858091283,0.0344123604567682,0.978482800162829,FALSE
"1D","VN100-VNINDEX",3,263,22,0.00131105310525188,0.0366958002547575,0.0366339812605648,0.975258628595104,FALSE
"1D","VN100-VNINDEX",3,313,18,0.00153755884509068,0.0397869793491512,0.0395648923328863,0.976744083556047,FALSE
"1D","VN100-VNINDEX",3,371,14,0.00176608863281703,0.042647660069441,0.042315525820287,0.978627792862332,FALSE
"1D","VN100-VNINDEX",3,441,12,0.00219112931631722,0.0471722361543306,0.0475584175886128,0.976684171875685,FALSE
"1D","VN100-VNINDEX",3,524,10,0.00225879162377491,0.0489352177938074,0.0475871517629092,0.969984805665505,FALSE
"1D","VN100-VNINDEX",3,623,8,0.00341973247725198,0.0590544915727984,0.059285232777087,0.976770801153864,FALSE
"1D","VN100-VNINDEX",3,740,8,0.00303255988220373,0.0557536361968318,0.0559724846564736,0.971765781973647,FALSE
"1D","Pcap-VN30",1,5,1184,3.72440670984323e-05,0.00651751627079701,0.0063987209163422,0.893062405779481,TRUE
"1D","Pcap-VN30",1,6,986,4.75520812653183e-05,0.00742058338752536,0.00720666603604511,0.889195146032184,TRUE
"1D","Pcap-VN30",1,7,846,5.9454067897066e-05,0.0082958843843316,0.00807110266351677,0.887944890191034,TRUE
"1D","Pcap-VN30",1,8,740,6.63943277978313e-05,0.008798596471441,0.00857020357314114,0.880494079343532,TRUE
"1D","Pcap-VN30",1,10,592,9.05185608589256e-05,0.0102341157118625,0.00998592331205848,0.885725383439682,TRUE
"1D","Pcap-VN30",1,12,492,0.000107194809881133,0.0112566354052867,0.0108525811120981,0.877469678534168,TRUE
"1D","Pcap-VN30",1,14,422,0.000127952487128174,0.0122631170279137,0.0118015636315551,0.884114079865828,TRUE
"1D","Pcap-VN30",1,17,348,0.00015331582272303,0.0134213932754446,0.0129770156707122,0.880267254213915,TRUE
"1D","Pcap-VN30",1,20,296,0.000190220641822098,0.0148400658202989,0.0144673865834354,0.885995934543628,TRUE
"1D","Pcap-VN30",1,24,246,0.000240844660257878,0.0169285343414566,0.0160470247259805,0.886590638719568,TRUE
"1D","Pcap-VN30",1,28,210,0.000279377317015219,0.0181847273256202,0.0173740773873642,0.884265329405902,TRUE
"1D","Pcap-VN30",1,33,178,0.000341858874696006,0.0203078174539287,0.0190921121673107,0.88171784518086,TRUE
"1D","Pcap-VN30",1,40,148,0.000374981149541145,0.0215706800584255,0.0200894075780658,0.865323441565943,TRUE
"1D","Pcap-VN30",1,47,126,0.000527525828572643,0.0251539096064904,0.023582298706024,0.889307789467843,TRUE
"1D","Pcap-VN30",1,56,104,0.000606676164762525,0.0275539362475722,0.0252154020498891,0.873187251044993,FALSE
"1D","Pcap-VN30",1,66,88,0.000680258591104968,0.0289793143572585,0.0267472778333903,0.877619653695233,FALSE
"1D","Pcap-VN30",1,79,74,0.000861887224680815,0.0325772946635623,0.0299401620576737,0.88365203229708,FALSE
"1D","Pcap-VN30",1,94,62,0.000943375793670016,0.0342662991242572,0.0313066413931398,0.879389038942883,FALSE
"1D","Pcap-VN30",1,111,52,0.00113809320657809,0.0378737747490126,0.0340745124137377,0.881880194115424,FALSE
"1D","Pcap-VN30",1,132,44,0.00138979689871732,0.041684142088611,0.0374903194477148,0.889326696806173,FALSE
"1D","Pcap-VN30",1,157,36,0.00149965317405573,0.0429560334075972,0.040001950705428,0.872741221735612,FALSE
"1D","Pcap-VN30",1,186,30,0.00189943083263455,0.0480662127542412,0.0443961008569108,0.89009989473138,FALSE
"1D","Pcap-VN30",1,222,26,0.00232363315075058,0.0538951836470009,0.0492729814623347,0.87500143625929,FALSE
"1D","Pcap-VN30",1,263,22,0.00293596737958095,0.0615442688577234,0.0536429747501289,0.889305044569759,FALSE
"1D","Pcap-VN30",1,313,18,0.00302388576319033,0.0608791788525549,0.0569576239691463,0.872056714310701,FALSE
"1D","Pcap-VN30",1,371,14,0.00431091180584574,0.0739909392595774,0.0667344771669621,0.873052449710289,FALSE
"1D","Pcap-VN30",1,441,12,0.00620794844809679,0.0839580634580013,0.082762594438338,0.893411611439959,FALSE
"1D","Pcap-VN30",1,524,10,0.00711238721004141,0.0887756917553974,0.0897381148623258,0.892779861315515,FALSE
"1D","Pcap-VN30",1,623,8,0.00956311254126745,0.104550967904017,0.100441505318474,0.91066363832837,FALSE
"1D","Pcap-VN30",1,740,8,0.0123978664862514,0.112857521905935,0.120927433172491,0.908430298440881,FALSE
"1D","Pcap-VN30",2,5,1184,1.68190574242355e-05,0.00433855317284768,0.00436268934511122,0.888592083293243,TRUE
"1D","Pcap-VN30",2,6,986,2.39934828491526e-05,0.00524440200749197,0.00513798700639839,0.890439295419122,TRUE
"1D","Pcap-VN30",2,7,846,3.31084075101283e-05,0.00613389157046471,0.00603301792563301,0.89467969630132,TRUE
"1D","Pcap-VN30",2,8,740,3.93969567305088e-05,0.0067293462437559,0.00658577400253781,0.888961551201503,TRUE
"1D","Pcap-VN30",2,10,592,5.23506845694201e-05,0.00775153188897277,0.00759385471503597,0.889349659526288,TRUE
"1D","Pcap-VN30",2,12,492,6.95619470757089e-05,0.00903302047710206,0.00868612666273071,0.886569072016871,TRUE
"1D","Pcap-VN30",2,14,422,7.92379674027452e-05,0.00965233194181104,0.00928224438053689,0.884398667459547,TRUE
"1D","Pcap-VN30",2,17,348,9.69578921946122e-05,0.0106695346763639,0.0103527996913591,0.877768264840599,TRUE
"1D","Pcap-VN30",2,20,296,0.000115867787300904,0.011665500355693,0.0112921763646997,0.879592848529779,TRUE
"1D","Pcap-VN30",2,24,246,0.000139429583162505,0.0127791485453045,0.0123972067422894,0.880094215978505,TRUE
"1D","Pcap-VN30",2,28,210,0.000176720675771577,0.0143449578779362,0.0138553535230796,0.889140668316856,TRUE
"1D","Pcap-VN30",2,33,178,0.000209077716852289,0.0157013010937306,0.0149730273946427,0.889329068579888,TRUE
"1D","Pcap-VN30",2,40,148,0.000248872624089105,0.016946204825004,0.0165122718921692,0.889401473303937,TRUE
"1D","Pcap-VN30",2,47,126,0.00030052942988196,0.0191988027201672,0.0178876369744626,0.875104443619725,TRUE
"1D","Pcap-VN30",2,56,104,0.000350503326435261,0.0207730089206834,0.0193638133283661,0.871368485856819,FALSE
"1D","Pcap-VN30",2,66,88,0.000410392876221997,0.0228747050923754,0.0208135309418668,0.861982694395116,FALSE
"1D","Pcap-VN30",2,79,74,0.000490693308978532,0.025087937544467,0.0226399649678219,0.863911839201093,FALSE
"1D","Pcap-VN30",2,94,62,0.00067034203612805,0.0288454141177762,0.0264077051816288,0.880012848573286,FALSE
"1D","Pcap-VN30",2,111,52,0.00074507170457693,0.0308103964772266,0.0275814718543307,0.876765284350287,FALSE
"1D","Pcap-VN30",2,132,44,0.000949011424858466,0.0342166475172047,0.0312565237928981,0.887346639139083,FALSE
"1D","Pcap-VN30",2,157,36,0.0010567120738081,0.0363896770875344,0.0328465922694438,0.884073042896608,FALSE
"1D","Pcap-VN30",2,186,30,0.00121768966216638,0.038919295895205,0.0352133953740726,0.888512907810496,FALSE
"1D","Pcap-VN30",2,222,26,0.00160138316663726,0.045284356016173,0.0395127574704897,0.894972568580391,FALSE
"1D","Pcap-VN30",2,263,22,0.00175563007859259,0.0479172441105975,0.0412367635799352,0.88849831334421,FALSE
"1D","Pcap-VN30",2,313,18,0.00184412338357707,0.0479663233904918,0.0442140224809435,0.869547910584106,FALSE
"1D","Pcap-VN30",2,371,14,0.00226441338131984,0.0524621748955334,0.0498571358613438,0.865729259215279,FALSE
"1D","Pcap-VN30",2,441,12,0.00278617083429961,0.0591486478468942,0.0548777934598646,0.85835369276963,FALSE
"1D","Pcap-VN30",2,524,10,0.00375321873372364,0.0690565030315632,0.0612217062344774,0.887756506595555,FALSE
"1D","Pcap-VN30",2,623,8,0.00512064058144184,0.0796524443835144,0.072477817406717,0.886992768548982,FALSE
"1D","Pcap-VN30",2,740,8,0.00551862410435081,0.0800486043700712,0.0782495723693752,0.881038884232666,FALSE
"1D","Pcap-VN30",3,5,1184,7.14451018853606e-06,0.00279043096969353,0.00282693291513279,0.905702724251494,TRUE
"1D","Pcap-VN30",3,6,986,1.37260692533009e-05,0.00392100875641049,0.00388409308297165,0.90127794626636,TRUE
"1D","Pcap-VN30",3,7,846,1.81065834343283e-05,0.00451821040625354,0.00448780432993917,0.892968512931495,TRUE
"1D","Pcap-VN30",3,8,740,2.42381222054093e-05,0.00523204353264857,0.00518897399535495,0.892783443465705,TRUE
"1D","Pcap-VN30",3,10,592,3.42056627829681e-05,0.00620584488686918,0.00617632417350162,0.892415307470819,TRUE
"1D","Pcap-VN30",3,12,492,4.78200807736035e-05,0.00744372974484837,0.00720045880564264,0.892194492835714,TRUE
"1D","Pcap-VN30",3,14,422,5.37170329212748e-05,0.00788670008672976,0.00771833684033726,0.882455801060662,TRUE
"1D","Pcap-VN30",3,17,348,6.96830198346552e-05,0.00897125568196872,0.00877922417742238,0.884743926741792,TRUE
"1D","Pcap-VN30",3,20,296,8.41629790888377e-05,0.00992690828049162,0.00962954447961704,0.880443206667449,TRUE
"1D","Pcap-VN30",3,24,246,0.000103242697821045,0.0110697656838624,0.010606608364074,0.879314800052329,TRUE
"1D","Pcap-VN30",3,28,210,0.000121731433327201,0.0119883019928298,0.0115273837379462,0.880875052420866,TRUE
"1D","Pcap-VN30",3,33,178,0.000147953714273568,0.0132007136716962,0.0126242897028466,0.887813018307485,TRUE
"1D","Pcap-VN30",3,40,148,0.000185359738275917,0.0147585233452847,0.014202736243361,0.884301738975516,TRUE
"1D","Pcap-VN30",3,47,126,0.000221569192803586,0.0161456780297076,0.0154625648708813,0.887506521839716,TRUE
"1D","Pcap-VN30",3,56,104,0.000279417009787717,0.0179784498880716,0.0173846843311907,0.893992319245591,FALSE
"1D","Pcap-VN30",3,66,88,0.00031403983922248,0.0194312169457934,0.0182091600300042,0.887554096935915,FALSE
"1D","Pcap-VN30",3,79,74,0.000388048679615573,0.0216872990018252,0.0204566614173744,0.874673534053498,FALSE
"1D","Pcap-VN30",3,94,62,0.000421887198238936,0.0229043818524738,0.021420753005922,0.859890277039416,FALSE
"1D","Pcap-VN30",3,111,52,0.000491600390174157,0.0246602361948882,0.0231563985017098,0.860882683548964,FALSE
"1D","Pcap-VN30",3,132,44,0.000623580879858359,0.0282466331166084,0.0255683631820133,0.863422128236478,FALSE
"1D","Pcap-VN30",3,157,36,0.000753799429283691,0.0305922640149367,0.0281995925192748,0.873778496905407,FALSE
"1D","Pcap-VN30",3,186,30,0.00100104706269179,0.0349179956074067,0.0321416307640495,0.891943370599066,FALSE
"1D","Pcap-VN30",3,222,26,0.0011573263528776,0.0380407408886556,0.0340280686261428,0.894065991686916,FALSE
"1D","Pcap-VN30",3,263,22,0.00131153590296297,0.0408151120121561,0.0361959351968256,0.887767800590471,FALSE
"1D","Pcap-VN30",3,313,18,0.00153956461084898,0.0443751301990195,0.0392418060019745,0.884116087026896,FALSE
"1D","Pcap-VN30",3,371,14,0.0017838195777264,0.0476123361386827,0.041886735222988,0.894447642193488,FALSE
"1D","Pcap-VN30",3,441,12,0.00211975760291704,0.0519853965868071,0.0471180889214521,0.865400561624078,FALSE
"1D","Pcap-VN30",3,524,10,0.00231216078382634,0.0547796490013838,0.0483769343306316,0.872489968359923,FALSE
"1D","Pcap-VN30",3,623,8,0.00340152474354233,0.0660813526138359,0.0581139162706417,0.885756947008869,FALSE
"1D","Pcap-VN30",3,740,8,0.0027022063254142,0.0568592417441429,0.0588161447791395,0.808017725602635,FALSE
"1D","Pheur-VN30",1,5,1184,-6.09429694404886e-05,0.0813197087309139,0.0063987209163422,-0.117120961308623,TRUE
"1D","Pheur-VN30",1,6,986,-6.87988352362101e-05,0.0939884471929645,0.00720666603604511,-0.101571581413375,TRUE
"1D","Pheur-VN30",1,7,846,-9.15231860651748e-05,0.105694853761358,0.00807110266351677,-0.107286336682809,TRUE
"1D","Pheur-VN30",1,8,740,-0.000120821711032337,0.115732978443692,0.00857020357314114,-0.121813862358369,TRUE
"1D","Pheur-VN30",1,10,592,-0.000153653813288351,0.131738860039531,0.00998592331205848,-0.116799562269862,TRUE
"1D","Pheur-VN30",1,12,492,-0.000173698642504147,0.149549556776695,0.0108525811120981,-0.107023279204189,TRUE
"1D","Pheur-VN30",1,14,422,-0.000172599542458301,0.158486975738772,0.0118015636315551,-0.0922797712987043,TRUE
"1D","Pheur-VN30",1,17,348,-0.000247098823135926,0.176410850759639,0.0129770156707122,-0.107937052287061,TRUE
"1D","Pheur-VN30",1,20,296,-0.000316288884520896,0.190767280698337,0.0144673865834354,-0.114601408174513,TRUE
"1D","Pheur-VN30",1,24,246,-0.000201376849771272,0.216014779245111,0.0160470247259805,-0.0580940367736442,TRUE
"1D","Pheur-VN30",1,28,210,-0.000317278980198323,0.234582842097919,0.0173740773873642,-0.077847255409815,TRUE
"1D","Pheur-VN30",1,33,178,-0.000259272740352253,0.264205156511089,0.0190921121673107,-0.0513998191818922,TRUE
"1D","Pheur-VN30",1,40,148,-0.00038415143593547,0.29836467633849,0.0200894075780658,-0.064089653805591,TRUE
"1D","Pheur-VN30",1,47,126,-0.000231496253985007,0.31694981822267,0.023582298706024,-0.0309718626513491,TRUE
"1D","Pheur-VN30",1,56,104,-0.000166713497893886,0.36990637016661,0.0252154020498891,-0.0178736420479299,FALSE
"1D","Pheur-VN30",1,66,88,-0.000252848385477778,0.38268991884447,0.0267472778333903,-0.0247020828593705,FALSE
"1D","Pheur-VN30",1,79,74,-5.44410247399304e-05,0.420015724232704,0.0299401620576737,-0.00432918948650349,FALSE
"1D","Pheur-VN30",1,94,62,-3.14449429102851e-05,0.449300336912848,0.0313066413931398,-0.00223551499730956,FALSE
"1D","Pheur-VN30",1,111,52,0.000528221451040504,0.492014986898923,0.0340745124137377,0.0315070724902747,FALSE
"1D","Pheur-VN30",1,132,44,0.000972395462737188,0.52558387801898,0.0374903194477148,0.0493493853337112,FALSE
"1D","Pheur-VN30",1,157,36,-0.00116771119132894,0.57826608326014,0.040001950705428,-0.0504808375155338,FALSE
"1D","Pheur-VN30",1,186,30,-3.93013305730715e-07,0.603320470659961,0.0443961008569108,-1.46728461369976e-05,FALSE
"1D","Pheur-VN30",1,222,26,-0.000441682122860338,0.718627418119768,0.0492729814623347,-0.0124737546245183,FALSE
"1D","Pheur-VN30",1,263,22,0.00448587759614664,0.779618550807018,0.0536429747501289,0.107263607985898,FALSE
"1D","Pheur-VN30",1,313,18,-0.00282252145663606,0.822042564527714,0.0569576239691463,-0.0602824760896673,FALSE
"1D","Pheur-VN30",1,371,14,0.000526849578595058,0.99367897973333,0.0667344771669621,0.00794493359812306,FALSE
"1D","Pheur-VN30",1,441,12,-0.01082284556647,1.04693851889357,0.082762594438338,-0.124906829939457,FALSE
"1D","Pheur-VN30",1,524,10,-0.0178497650317187,1.11922698047925,0.0897381148623258,-0.177720444457969,FALSE
"1D","Pheur-VN30",1,623,8,-0.00438065707804042,1.19039944383547,0.100441505318474,-0.0366381325369845,FALSE
"1D","Pheur-VN30",1,740,8,-0.0466693566342712,1.35540980326667,0.120927433172491,-0.28473205129647,FALSE
"1D","Pheur-VN30",2,5,1184,-4.19409177737659e-05,0.0556440944325494,0.00436268934511122,-0.17276849954918,TRUE
"1D","Pheur-VN30",2,6,986,-3.98469916298693e-05,0.0661871189009764,0.00513798700639839,-0.117173407599395,TRUE
"1D","Pheur-VN30",2,7,846,-5.41795209785583e-05,0.0759942262206625,0.00603301792563301,-0.118173459041944,TRUE
"1D","Pheur-VN30",2,8,740,-6.61125202909399e-05,0.0854681715003809,0.00658577400253781,-0.117455261779885,TRUE
"1D","Pheur-VN30",2,10,592,-8.87354318206516e-05,0.0983052688839031,0.00759385471503597,-0.118866092870918,TRUE
"1D","Pheur-VN30",2,12,492,-8.66760746460097e-05,0.115512337672784,0.00868612666273071,-0.0863862663336891,TRUE
"1D","Pheur-VN30",2,14,422,-0.000104475613398545,0.124579491997674,0.00928224438053689,-0.0903473410839903,TRUE
"1D","Pheur-VN30",2,17,348,-0.000174350902888706,0.141778652372706,0.0103527996913591,-0.118783343474335,TRUE
"1D","Pheur-VN30",2,20,296,-0.00019320477306739,0.153791569772052,0.0112921763646997,-0.111251959492527,TRUE
"1D","Pheur-VN30",2,24,246,-0.00023906390786655,0.168209798531182,0.0123972067422894,-0.114640713404969,TRUE
"1D","Pheur-VN30",2,28,210,-0.000228020881007246,0.181541595645987,0.0138553535230796,-0.0906527242036626,TRUE
"1D","Pheur-VN30",2,33,178,-0.000192046069619588,0.198145734051833,0.0149730273946427,-0.0647308153653844,TRUE
"1D","Pheur-VN30",2,40,148,-0.000382319102165231,0.214594542474574,0.0165122718921692,-0.107894794854542,TRUE
"1D","Pheur-VN30",2,47,126,-0.000215361887472296,0.256157648042071,0.0178876369744626,-0.0470011570574921,TRUE
"1D","Pheur-VN30",2,56,104,-0.00029850856872142,0.281108191294931,0.0193638133283661,-0.0548393645789987,FALSE
"1D","Pheur-VN30",2,66,88,-0.000194993705957347,0.319494667523369,0.0208135309418668,-0.0293231901307763,FALSE
"1D","Pheur-VN30",2,79,74,-8.98652223314893e-05,0.348002842389612,0.0226399649678219,-0.0114059932819392,FALSE
"1D","Pheur-VN30",2,94,62,-4.69024414176154e-05,0.37730806958638,0.0264077051816288,-0.00470726548936436,FALSE
"1D","Pheur-VN30",2,111,52,0.000329296345419498,0.408245419736072,0.0275814718543307,0.0292447660756474,FALSE
"1D","Pheur-VN30",2,132,44,0.000206978477258575,0.434562773021078,0.0312565237928981,0.0152381411396053,FALSE
"1D","Pheur-VN30",2,157,36,0.00046787711732222,0.46858325577553,0.0328465922694438,0.0303986796270931,FALSE
"1D","Pheur-VN30",2,186,30,0.000626014861716782,0.492138693973483,0.0352133953740726,0.0361234505752638,FALSE
"1D","Pheur-VN30",2,222,26,0.00266631210464113,0.560452381960679,0.0395127574704897,0.120402339666707,FALSE
"1D","Pheur-VN30",2,263,22,0.00321957051873318,0.610572947515012,0.0412367635799352,0.127872103937671,FALSE
"1D","Pheur-VN30",2,313,18,-0.00109537106079662,0.652844734916803,0.0442140224809435,-0.0379482129678787,FALSE
"1D","Pheur-VN30",2,371,14,-0.00360947486338536,0.726764238091615,0.0498571358613438,-0.0996146347449393,FALSE
"1D","Pheur-VN30",2,441,12,-0.0031960216547029,0.837780510563681,0.0548777934598646,-0.0695156870345471,FALSE
"1D","Pheur-VN30",2,524,10,0.00388914211159336,0.877738785916321,0.0612217062344774,0.0723740863307922,FALSE
"1D","Pheur-VN30",2,623,8,0.00160689542375468,1.01323004865064,0.072477817406717,0.0218813668096465,FALSE
"1D","Pheur-VN30",2,740,8,-0.0105215015887379,1.05148278767261,0.0782495723693752,-0.127877337219617,FALSE
"1D","Pheur-VN30",3,5,1184,-1.53360683551336e-05,0.0330259182902211,0.00282693291513279,-0.164264467811936,TRUE
"1D","Pheur-VN30",3,6,986,-2.23714859016176e-05,0.0471369090201681,0.00388409308297165,-0.122192373535336,TRUE
"1D","Pheur-VN30",3,7,846,-3.58709413970734e-05,0.0565768216605029,0.00448780432993917,-0.141276626161991,TRUE
"1D","Pheur-VN30",3,8,740,-4.70840623502063e-05,0.0655423190193501,0.00518897399535495,-0.138442880995044,TRUE
"1D","Pheur-VN30",3,10,592,-7.03976007311493e-05,0.0779549385255533,0.00617632417350162,-0.146212378489868,TRUE
"1D","Pheur-VN30",3,12,492,-5.90446373629356e-05,0.0929516850223173,0.00720045880564264,-0.0882191811780832,TRUE
"1D","Pheur-VN30",3,14,422,-0.000101694032305862,0.103016434332454,0.00771833684033726,-0.12789843381949,TRUE
"1D","Pheur-VN30",3,17,348,-0.000126495526165622,0.116051663970703,0.00877922417742238,-0.124155983679539,TRUE
"1D","Pheur-VN30",3,20,296,-0.000143157557495142,0.130477451654079,0.00962954447961704,-0.113939174994616,TRUE
"1D","Pheur-VN30",3,24,246,-0.000142451480306482,0.145808261111009,0.010606608364074,-0.092110322446001,TRUE
"1D","Pheur-VN30",3,28,210,-0.000174168779865119,0.15700951042581,0.0115273837379462,-0.0962306898764821,TRUE
"1D","Pheur-VN30",3,33,178,-0.000155107933365117,0.167757817485424,0.0126242897028466,-0.0732393180558244,TRUE
"1D","Pheur-VN30",3,40,148,-0.000248783903340851,0.190585728881152,0.014202736243361,-0.0919093888235976,TRUE
"1D","Pheur-VN30",3,47,126,-0.000243460342263772,0.205498866999667,0.0154625648708813,-0.0766191380226637,TRUE
"1D","Pheur-VN30",3,56,104,-0.000325970778944633,0.222649781403173,0.0173846843311907,-0.0842150261752109,FALSE
"1D","Pheur-VN30",3,66,88,-0.000151306856084734,0.246680474692898,0.0182091600300042,-0.0336847958214306,FALSE
"1D","Pheur-VN30",3,79,74,-0.00041947114489816,0.290230506545394,0.0204566614173744,-0.070651969773832,FALSE
"1D","Pheur-VN30",3,94,62,-0.000559076513143197,0.323061368866174,0.021420753005922,-0.0807888610230573,FALSE
"1D","Pheur-VN30",3,111,52,-0.000692579870142609,0.346844447941402,0.0231563985017098,-0.086231135074931,FALSE
"1D","Pheur-VN30",3,132,44,-0.00017687923691817,0.392506336291381,0.0255683631820133,-0.0176249241801683,FALSE
"1D","Pheur-VN30",3,157,36,-0.00034543070342373,0.409919081850037,0.0281995925192748,-0.0298827092169087,FALSE
"1D","Pheur-VN30",3,186,30,0.000150769719533836,0.434831578177865,0.0321416307640495,0.010787607672826,FALSE
"1D","Pheur-VN30",3,222,26,0.00114185073472075,0.470477011156623,0.0340280686261428,0.0713236611825974,FALSE
"1D","Pheur-VN30",3,263,22,0.00134843147787433,0.518732675466599,0.0361959351968256,0.0718167048619842,FALSE
"1D","Pheur-VN30",3,313,18,0.00153015008168346,0.572376615444839,0.0392418060019745,0.0681244738520542,FALSE
"1D","Pheur-VN30",3,371,14,0.00256200383772249,0.589537701360997,0.041886735222988,0.10375085412627,FALSE
"1D","Pheur-VN30",3,441,12,-0.000543726973696825,0.717483535224456,0.0471180889214521,-0.0160835262278965,FALSE
"1D","Pheur-VN30",3,524,10,0.00156460385283936,0.737879540919142,0.0483769343306316,0.0438309196508071,FALSE
"1D","Pheur-VN30",3,623,8,0.00404638413744457,0.847566641696476,0.0581139162706417,0.0821510484790254,FALSE
"1D","Pheur-VN30",3,740,8,-0.0173922256902209,0.968802491491592,0.0588161447791395,-0.30522729014744,FALSE
"1D","Pratio-VN30",1,5,1184,-1.17418662975551e-06,0.000948632367550535,0.0063987209163422,-0.193439884163403,TRUE
"1D","Pratio-VN30",1,6,986,-1.39140252452513e-06,0.00109472302936363,0.00720666603604511,-0.176365703801292,TRUE
"1D","Pratio-VN30",1,7,846,-1.8054875597492e-06,0.00123153098862927,0.00807110266351677,-0.181642003931474,TRUE
"1D","Pratio-VN30",1,8,740,-2.23885532570309e-06,0.00134935538227261,0.00857020357314114,-0.193601423700078,TRUE
"1D","Pratio-VN30",1,10,592,-2.91997749586566e-06,0.00153591745480934,0.00998592331205848,-0.190380911558342,TRUE
"1D","Pratio-VN30",1,12,492,-3.35911285036002e-06,0.00174130705290781,0.0108525811120981,-0.177752695333464,TRUE
"1D","Pratio-VN30",1,14,422,-3.59420334013676e-06,0.0018440049397721,0.0118015636315551,-0.165158530839801,TRUE
"1D","Pratio-VN30",1,17,348,-4.78842767944727e-06,0.00205456632993498,0.0129770156707122,-0.179596528126187,TRUE
"1D","Pratio-VN30",1,20,296,-6.05718162641549e-06,0.00222377138417433,0.0144673865834354,-0.188274009957264,TRUE
"1D","Pratio-VN30",1,24,246,-5.28838228314076e-06,0.00250700138504591,0.0160470247259805,-0.131453981892102,TRUE
"1D","Pratio-VN30",1,28,210,-7.13521735091638e-06,0.00272634217729885,0.0173740773873642,-0.150634722980096,TRUE
"1D","Pratio-VN30",1,33,178,-7.18873621196627e-06,0.0030640167012885,0.0190921121673107,-0.122887424477621,TRUE
"1D","Pratio-VN30",1,40,148,-9.07821809781412e-06,0.00346104596118665,0.0200894075780658,-0.130564802357578,TRUE
"1D","Pratio-VN30",1,47,126,-9.07689662957798e-06,0.00367115218061026,0.023582298706024,-0.104845275639578,TRUE
"1D","Pratio-VN30",1,56,104,-9.24871381694387e-06,0.00427803783882037,0.0252154020498891,-0.085737501313914,FALSE
"1D","Pratio-VN30",1,66,88,-1.11587208928618e-05,0.00442863772852944,0.0267472778333903,-0.0942029863048124,FALSE
"1D","Pratio-VN30",1,79,74,-1.09580695870234e-05,0.00485422075095102,0.0299401620576737,-0.0753980970227722,FALSE
"1D","Pratio-VN30",1,94,62,-1.1657562094231e-05,0.00519129663679981,0.0313066413931398,-0.0717291051954003,FALSE
"1D","Pratio-VN30",1,111,52,-7.29325669111016e-06,0.00567142549586529,0.0340745124137377,-0.0377398020437092,FALSE
"1D","Pratio-VN30",1,132,44,-4.99156714210803e-06,0.00605114801845251,0.0374903194477148,-0.0220029037927459,FALSE
"1D","Pratio-VN30",1,157,36,-3.18981373195779e-05,0.00670329835869702,0.040001950705428,-0.118958533888445,FALSE
"1D","Pratio-VN30",1,186,30,-2.27193714916679e-05,0.0069717412532263,0.0443961008569108,-0.0734023937505907,FALSE
"1D","Pratio-VN30",1,222,26,-3.30695001681356e-05,0.00830829098475105,0.0492729814623347,-0.0807806029331657,FALSE
"1D","Pratio-VN30",1,263,22,1.85348689375247e-05,0.00893951597569849,0.0536429747501289,0.0386511714446795,FALSE
"1D","Pratio-VN30",1,313,18,-6.9915270198678e-05,0.00953569195372486,0.0569576239691463,-0.128726500647407,FALSE
"1D","Pratio-VN30",1,371,14,-4.52523615135207e-05,0.0114712980076469,0.0667344771669621,-0.0591123770063643,FALSE
"1D","Pratio-VN30",1,441,12,-0.000203665690817517,0.012221215278289,0.082762594438338,-0.201358229484851,FALSE
"1D","Pratio-VN30",1,524,10,-0.000298514207632464,0.0131217928472224,0.0897381148623258,-0.253509878231007,FALSE
"1D","Pratio-VN30",1,623,8,-0.000166748976570773,0.0138096369562737,0.100441505318474,-0.12021750288998,FALSE
"1D","Pratio-VN30",1,740,8,-0.000706365586432681,0.0160727725025383,0.120927433172491,-0.36342424793981,FALSE
"1D","Pratio-VN30",2,5,1184,-7.02691309100773e-07,0.000651837607861012,0.00436268934511122,-0.247098938351893,TRUE
"1D","Pratio-VN30",2,6,986,-7.63447336968998e-07,0.000771951041522999,0.00513798700639839,-0.192484749149491,TRUE
"1D","Pratio-VN30",2,7,846,-1.04384776426002e-06,0.000886699518161902,0.00603301792563301,-0.195130913271652,TRUE
"1D","Pratio-VN30",2,8,740,-1.26175329858311e-06,0.000996741739577641,0.00658577400253781,-0.192213983932727,TRUE
"1D","Pratio-VN30",2,10,592,-1.68720268325526e-06,0.00114661367899011,0.00759385471503597,-0.193770586981411,TRUE
"1D","Pratio-VN30",2,12,492,-1.86839935934283e-06,0.00134356960039977,0.00868612666273071,-0.160097069606294,TRUE
"1D","Pratio-VN30",2,14,422,-2.19697057661855e-06,0.00144929527502171,0.00928224438053689,-0.163310596851827,TRUE
"1D","Pratio-VN30",2,17,348,-3.24449307109525e-06,0.00165234472352059,0.0103527996913591,-0.189665518155181,TRUE
"1D","Pratio-VN30",2,20,296,-3.69609757867472e-06,0.00179151472637121,0.0112921763646997,-0.182702880014104,TRUE
"1D","Pratio-VN30",2,24,246,-4.52627976443338e-06,0.00196004896571255,0.0123972067422894,-0.186273308746821,TRUE
"1D","Pratio-VN30",2,28,210,-4.84017179078154e-06,0.00211263448676227,0.0138553535230796,-0.165355559013384,TRUE
"1D","Pratio-VN30",2,33,178,-4.79690805990952e-06,0.00230114120387661,0.0149730273946427,-0.139222204590877,TRUE
"1D","Pratio-VN30",2,40,148,-7.54821524210426e-06,0.00250078122548946,0.0165122718921692,-0.182793919212967,TRUE
"1D","Pratio-VN30",2,47,126,-6.16937539411538e-06,0.00296891369301471,0.0178876369744626,-0.116169107253659,TRUE
"1D","Pratio-VN30",2,56,104,-7.76132080881351e-06,0.00325947910848814,0.0193638133283661,-0.122969256156482,FALSE
"1D","Pratio-VN30",2,66,88,-7.23961997108039e-06,0.00369681589804896,0.0208135309418668,-0.0940897215400174,FALSE
"1D","Pratio-VN30",2,79,74,-6.94270943786472e-06,0.00402198677256189,0.0226399649678219,-0.07624521639189,FALSE
"1D","Pratio-VN30",2,94,62,-8.57729192658003e-06,0.0043603325415732,0.0264077051816288,-0.0744903331376124,FALSE
"1D","Pratio-VN30",2,111,52,-4.97212142165972e-06,0.004706243903573,0.0275814718543307,-0.0383045052025634,FALSE
"1D","Pratio-VN30",2,132,44,-8.87372912578424e-06,0.00501555521035396,0.0312565237928981,-0.0566039157682488,FALSE
"1D","Pratio-VN30",2,157,36,-7.04168449736567e-06,0.00540192251316582,0.0328465922694438,-0.0396860516091034,FALSE
"1D","Pratio-VN30",2,186,30,-7.07564526174282e-06,0.00567148486892843,0.0352133953740726,-0.0354292020132764,FALSE
"1D","Pratio-VN30",2,222,26,1.27351365793403e-05,0.00642001140523413,0.0395127574704897,0.0502030922880118,FALSE
"1D","Pratio-VN30",2,263,22,1.75067845223135e-05,0.00699165133927574,0.0412367635799352,0.0607214384046541,FALSE
"1D","Pratio-VN30",2,313,18,-3.5152451856065e-05,0.00756017612576807,0.0442140224809435,-0.105163172996284,FALSE
"1D","Pratio-VN30",2,371,14,-7.02439067796574e-05,0.00845214971636984,0.0498571358613438,-0.166691767106463,FALSE
"1D","Pratio-VN30",2,441,12,-7.15390817852627e-05,0.00971941896962887,0.0548777934598646,-0.134123975412756,FALSE
"1D","Pratio-VN30",2,524,10,1.62546318324345e-06,0.0100889611821454,0.0612217062344774,0.00263163259576673,FALSE
"1D","Pratio-VN30",2,623,8,-4.20197281632891e-05,0.0116885066070025,0.072477817406717,-0.0496008484389323,FALSE
"1D","Pratio-VN30",2,740,8,-0.000191818612642988,0.0122657256253127,0.0782495723693752,-0.199855234297261,FALSE
"1D","Pratio-VN30",3,5,1184,-2.6883788008698e-07,0.000387292551245442,0.00282693291513279,-0.245547668751665,TRUE
"1D","Pratio-VN30",3,6,986,-4.31678846045702e-07,0.000550491969263281,0.00388409308297165,-0.201892483329887,TRUE
"1D","Pratio-VN30",3,7,846,-6.45499550637777e-07,0.000661308335539583,0.00448780432993917,-0.21749938544229,TRUE
"1D","Pratio-VN30",3,8,740,-8.52918658737247e-07,0.000765911016818374,0.00518897399535495,-0.214608937600222,TRUE
"1D","Pratio-VN30",3,10,592,-1.25091618788577e-06,0.00091151846879381,0.00617632417350162,-0.222194168978466,TRUE
"1D","Pratio-VN30",3,12,492,-1.2779601834584e-06,0.00108169999583694,0.00720045880564264,-0.164077989135046,TRUE
"1D","Pratio-VN30",3,14,422,-1.85851005731727e-06,0.00120182606343911,0.00771833684033726,-0.200354716062526,TRUE
"1D","Pratio-VN30",3,17,348,-2.34603501519357e-06,0.00135372046568745,0.00877922417742238,-0.197401003564268,TRUE
"1D","Pratio-VN30",3,20,296,-2.71845188666989e-06,0.00152032775775519,0.00962954447961704,-0.18568579549606,TRUE
"1D","Pratio-VN30",3,24,246,-2.93817625152328e-06,0.00169599179714018,0.010606608364074,-0.16333436308796,TRUE
"1D","Pratio-VN30",3,28,210,-3.53857379058891e-06,0.00182702293222722,0.0115273837379462,-0.168017108805546,TRUE
"1D","Pratio-VN30",3,33,178,-3.62421504093326e-06,0.00194937886348626,0.0126242897028466,-0.147268801810851,TRUE
"1D","Pratio-VN30",3,40,148,-5.19178169897918e-06,0.00221743659254383,0.014202736243361,-0.164851609342361,TRUE
"1D","Pratio-VN30",3,47,126,-5.56113598867062e-06,0.00238853138000363,0.0154625648708813,-0.150574361135836,TRUE
"1D","Pratio-VN30",3,56,104,-7.23963439985281e-06,0.00259049182704671,0.0173846843311907,-0.160756151003661,FALSE
"1D","Pratio-VN30",3,66,88,-5.5649288041609e-06,0.0028576314844693,0.0182091600300042,-0.106945736986742,FALSE
"1D","Pratio-VN30",3,79,74,-9.6568652505434e-06,0.00336961809511341,0.0204566614173744,-0.140094386136843,FALSE
"1D","Pratio-VN30",3,94,62,-1.17310239190655e-05,0.00375112581086208,0.021420753005922,-0.145995529090217,FALSE
"1D","Pratio-VN30",3,111,52,-1.41612241075549e-05,0.00402898414066826,0.0231563985017098,-0.151786876153628,FALSE
"1D","Pratio-VN30",3,132,44,-9.57244051661516e-06,0.00453818475174228,0.0255683631820133,-0.0824968901624465,FALSE
"1D","Pratio-VN30",3,157,36,-1.31453333387629e-05,0.0047449342049457,0.0281995925192748,-0.0982423123112365,FALSE
"1D","Pratio-VN30",3,186,30,-1.01681884199077e-05,0.00502087794102783,0.0321416307640495,-0.0630080463385621,FALSE
"1D","Pratio-VN30",3,222,26,-1.85067851801266e-07,0.00540818117049846,0.0340280686261428,-0.00100563979793758,FALSE
"1D","Pratio-VN30",3,263,22,4.4122210309176e-07,0.0059626828993396,0.0361959351968256,0.0020443523252497,FALSE
"1D","Pratio-VN30",3,313,18,-1.1258527257035e-07,0.00658099977042417,0.0392418060019745,-0.000435954054917452,FALSE
"1D","Pratio-VN30",3,371,14,9.30605083708118e-06,0.00676108128066284,0.041886735222988,0.0328603929280717,FALSE
"1D","Pratio-VN30",3,441,12,-3.18517401956648e-05,0.00829512149286498,0.0471180889214521,-0.0814934578996228,FALSE
"1D","Pratio-VN30",3,524,10,-8.93978863490833e-06,0.00849749036874619,0.0483769343306316,-0.0217469435099491,FALSE
"1D","Pratio-VN30",3,623,8,7.711662405577e-06,0.00973562457161324,0.0581139162706417,0.0136302570970621,FALSE
"1D","Pratio-VN30",3,740,8,-0.000240302734831359,0.011390106766431,0.0588161447791395,-0.358702467369964,FALSE
"1D","Pres-VN30",1,5,1184,3.25907120476883e-08,0.00093072865894199,0.0063987209163422,0.00547239696833465,TRUE
"1D","Pres-VN30",1,6,986,1.39366282766416e-07,0.00107773644632876,0.00720666603604511,0.0179436483577208,TRUE
"1D","Pres-VN30",1,7,846,1.14535979846895e-07,0.00121112727260268,0.00807110266351677,0.0117170768982963,TRUE
"1D","Pres-VN30",1,8,740,-7.40288714944475e-08,0.00132385411852349,0.00857020357314114,-0.00652483990253077,TRUE
"1D","Pres-VN30",1,10,592,1.9142133038335e-08,0.00150782720022078,0.00998592331205848,0.00127130726936531,TRUE
"1D","Pres-VN30",1,12,492,1.12304989790608e-07,0.00171360831469803,0.0108525811120981,0.00603885291002135,TRUE
"1D","Pres-VN30",1,14,422,5.10860494458173e-07,0.00181919636341208,0.0118015636315551,0.0237948618593378,TRUE
"1D","Pres-VN30",1,17,348,1.75100231199254e-07,0.00202120485080998,0.0129770156707122,0.00667577296743452,TRUE
"1D","Pres-VN30",1,20,296,1.1190662414432e-07,0.00218401635415781,0.0144673865834354,0.00354168410364316,TRUE
"1D","Pres-VN30",1,24,246,2.30140936108449e-06,0.00248938095795319,0.0160470247259805,0.0576113418003483,TRUE
"1D","Pres-VN30",1,28,210,1.76179745684985e-06,0.002697140125858,0.0173740773873642,0.037596785703896,TRUE
"1D","Pres-VN30",1,33,178,3.55483741839776e-06,0.00304648853367897,0.0190921121673107,0.0611175895945183,TRUE
"1D","Pres-VN30",1,40,148,2.81707287863219e-06,0.00343428266392303,0.0200894075780658,0.0408314605488465,TRUE
"1D","Pres-VN30",1,47,126,7.31439141827479e-06,0.00366407014773865,0.023582298706024,0.0846502571232386,TRUE
"1D","Pres-VN30",1,56,104,9.49141641305506e-06,0.00427887382323998,0.0252154020498891,0.087970214347239,FALSE
"1D","Pres-VN30",1,66,88,9.92756002191327e-06,0.00442453893082797,0.0267472778333903,0.0838870480148416,FALSE
"1D","Pres-VN30",1,79,74,1.54629214432596e-05,0.00486787793928586,0.0299401620576737,0.106095685435945,FALSE
"1D","Pres-VN30",1,94,62,1.72301912558619e-05,0.00520709219217491,0.0313066413931398,0.105695951468797,FALSE
"1D","Pres-VN30",1,111,52,2.69283275135861e-05,0.00572221928444038,0.0340745124137377,0.13810685452896,FALSE
"1D","Pres-VN30",1,132,44,3.64350138904275e-05,0.00612724735787049,0.0374903194477148,0.158611395160872,FALSE
"1D","Pres-VN30",1,157,36,1.52650503797928e-05,0.00666663058278011,0.040001950705428,0.0572414572329363,FALSE
"1D","Pres-VN30",1,186,30,3.53745199502777e-05,0.0069984409288271,0.0443961008569108,0.113852985777535,FALSE
"1D","Pres-VN30",1,222,26,3.84885492634176e-05,0.00831789761760374,0.0492729814623347,0.0939094137521243,FALSE
"1D","Pres-VN30",1,263,22,0.000103348668026706,0.0091382359110847,0.0536429747501289,0.210828667907068,FALSE
"1D","Pres-VN30",1,313,18,2.5703804851503e-05,0.00946711820528856,0.0569576239691463,0.0476680900964706,FALSE
"1D","Pres-VN30",1,371,14,8.60103389740997e-05,0.0115235404019772,0.0667344771669621,0.111844457708015,FALSE
"1D","Pres-VN30",1,441,12,-1.77838934577367e-06,0.0119709155842321,0.082762594438338,-0.00179500384472197,FALSE
"1D","Pres-VN30",1,524,10,-6.11612246257925e-05,0.0127114252380218,0.0897381148623258,-0.0536173052656345,FALSE
"1D","Pres-VN30",1,623,8,0.000130600539413149,0.0137710068470219,0.100441505318474,0.0944204494967567,FALSE
"1D","Pres-VN30",1,740,8,-0.000275352477312181,0.0151459150393518,0.120927433172491,-0.15033795460585,FALSE
"1D","Pres-VN30",2,5,1184,-1.41708712192853e-07,0.000632458948547386,0.00436268934511122,-0.0513582149259761,TRUE
"1D","Pres-VN30",2,6,986,1.46372516946009e-08,0.00075752088689877,0.00513798700639839,0.00376072803084827,TRUE
"1D","Pres-VN30",2,7,846,2.89306876956328e-08,0.000869667896593608,0.00603301792563301,0.00551405003796028,TRUE
"1D","Pres-VN30",2,8,740,1.66104805029038e-08,0.000978158785536288,0.00658577400253781,0.00257849333051023,TRUE
"1D","Pres-VN30",2,10,592,1.24703270979195e-08,0.00112488295864107,0.00759385471503597,0.00145984996475695,TRUE
"1D","Pres-VN30",2,12,492,3.55387329200207e-07,0.00132687021852156,0.00868612666273071,0.0308352401472197,TRUE
"1D","Pres-VN30",2,14,422,3.4252117536846e-07,0.0014303141384656,0.00928224438053689,0.0257990073242148,TRUE
"1D","Pres-VN30",2,17,348,-8.54435592076814e-08,0.00162237361354199,0.0103527996913591,-0.00508710433922408,TRUE
"1D","Pres-VN30",2,20,296,6.22428446620821e-08,0.00176136888625979,0.0112921763646997,0.00312940275018002,TRUE
"1D","Pres-VN30",2,24,246,3.61901424966487e-09,0.00192574414545028,0.0123972067422894,0.000151589061118128,TRUE
"1D","Pres-VN30",2,28,210,8.1799874668351e-07,0.00208438827329433,0.0138553535230796,0.0283241186956939,TRUE
"1D","Pres-VN30",2,33,178,1.81094000306628e-06,0.00228193822591495,0.0149730273946427,0.0530017927515962,TRUE
"1D","Pres-VN30",2,40,148,4.88053884826644e-07,0.00245882384739472,0.0165122718921692,0.0120208042860442,TRUE
"1D","Pres-VN30",2,47,126,3.2613859555511e-06,0.00295444378762555,0.0178876369744626,0.0617125501204823,TRUE
"1D","Pres-VN30",2,56,104,3.2902137158864e-06,0.00323920084634561,0.0193638133283661,0.052456020930649,FALSE
"1D","Pres-VN30",2,66,88,5.52865821294745e-06,0.00368998898321004,0.0208135309418668,0.0719861438195779,FALSE
"1D","Pres-VN30",2,79,74,8.1647804136525e-06,0.00402646210241288,0.0226399649678219,0.0895664049831328,FALSE
"1D","Pres-VN30",2,94,62,1.19769818003645e-05,0.00437180771899039,0.0264077051816288,0.103742252709613,FALSE
"1D","Pres-VN30",2,111,52,1.74499476641008e-05,0.00474515590854847,0.0275814718543307,0.133329485837498,FALSE
"1D","Pres-VN30",2,132,44,1.99216076661412e-05,0.00504791249310716,0.0312565237928981,0.126261774619608,FALSE
"1D","Pres-VN30",2,157,36,2.47579002826663e-05,0.00545004006072737,0.0328465922694438,0.138300514343033,FALSE
"1D","Pres-VN30",2,186,30,2.94717656491571e-05,0.00572938447843994,0.0352133953740726,0.146079840163614,FALSE
"1D","Pres-VN30",2,222,26,5.8751838367741e-05,0.00658206365366727,0.0395127574704897,0.225903023548399,FALSE
"1D","Pres-VN30",2,263,22,6.76266568304571e-05,0.00716885077969689,0.0412367635799352,0.228761957896055,FALSE
"1D","Pres-VN30",2,313,18,2.24659045473233e-05,0.00753540564713615,0.0442140224809435,0.0674306343527399,FALSE
"1D","Pres-VN30",2,371,14,3.02090904117695e-06,0.00833411640760438,0.0498571358613438,0.00727027369894496,FALSE
"1D","Pres-VN30",2,441,12,1.72243514676836e-05,0.00963671242515445,0.0548777934598646,0.0325699685226209,FALSE
"1D","Pres-VN30",2,524,10,0.000112097323735098,0.010253731833638,0.0612217062344774,0.178569737383947,FALSE
"1D","Pres-VN30",2,623,8,0.000112808813530738,0.011777420452717,0.072477817406717,0.132156261738657,FALSE
"1D","Pres-VN30",2,740,8,-1.13487217314629e-05,0.0120191450292782,0.0782495723693752,-0.0120667801129587,FALSE
"1D","Pres-VN30",3,5,1184,-3.32940052178487e-08,0.00037562008674923,0.00282693291513279,-0.0313546337413383,TRUE
"1D","Pres-VN30",3,6,986,1.29729683387589e-08,0.000539166414009592,0.00388409308297165,0.00619479440961349,TRUE
"1D","Pres-VN30",3,7,846,-5.18793974439337e-08,0.000645580425363968,0.00448780432993917,-0.0179064979106913,TRUE
"1D","Pres-VN30",3,8,740,-5.93147492013118e-08,0.000748152665605549,0.00518897399535495,-0.0152788608828039,TRUE
"1D","Pres-VN30",3,10,592,-1.26567609282942e-07,0.000888968953166105,0.00617632417350162,-0.0230518561416224,TRUE
"1D","Pres-VN30",3,12,492,2.50172802336163e-07,0.00106760561771758,0.00720045880564264,0.0325438607454176,TRUE
"1D","Pres-VN30",3,14,422,-1.02656604130609e-07,0.00117753226290922,0.00771833684033726,-0.0112951070341649,TRUE
"1D","Pres-VN30",3,17,348,-7.43239788216664e-08,0.00132711007602891,0.00877922417742238,-0.00637919481733596,TRUE
"1D","Pres-VN30",3,20,296,1.46278184622378e-08,0.00149388877189042,0.00962954447961704,0.00101684686792083,TRUE
"1D","Pres-VN30",3,24,246,3.77666120044187e-07,0.00167359475368238,0.010606608364074,0.0212755691768244,TRUE
"1D","Pres-VN30",3,28,210,3.77963912047738e-07,0.00180134855262062,0.0115273837379462,0.0182021139888612,TRUE
"1D","Pres-VN30",3,33,178,1.07315436136515e-06,0.00192999681120181,0.0126242897028466,0.0440452065816245,TRUE
"1D","Pres-VN30",3,40,148,7.53669982922012e-07,0.00218774212736828,0.014202736243361,0.0242556583600946,TRUE
"1D","Pres-VN30",3,47,126,1.48585765043555e-06,0.00236325346096726,0.0154625648708813,0.0406616846115886,TRUE
"1D","Pres-VN30",3,56,104,1.66824705030918e-06,0.00255860043397777,0.0173846843311907,0.037505165583191,FALSE
"1D","Pres-VN30",3,66,88,4.20790775197194e-06,0.00285062461631142,0.0182091600300042,0.0810655374957306,FALSE
"1D","Pres-VN30",3,79,74,2.67731595248471e-06,0.00333895343647909,0.0204566614173744,0.0391971513592504,FALSE
"1D","Pres-VN30",3,94,62,1.79313537003042e-06,0.00371187747027814,0.021420753005922,0.0225519817800074,FALSE
"1D","Pres-VN30",3,111,52,1.64335154799735e-06,0.00398293358711728,0.0231563985017098,0.0178178951325185,FALSE
"1D","Pres-VN30",3,132,44,9.69600428748598e-06,0.00453858598839381,0.0255683631820133,0.083554396030635,FALSE
"1D","Pres-VN30",3,157,36,1.02929864761141e-05,0.00473606695505372,0.0281995925192748,0.0770691795730053,FALSE
"1D","Pres-VN30",3,186,30,2.02810633786352e-05,0.00505047357811652,0.0321416307640495,0.124936895774308,FALSE
"1D","Pres-VN30",3,222,26,3.39432914344623e-05,0.00549940155113165,0.0340280686261428,0.181384938101537,FALSE
"1D","Pres-VN30",3,263,22,3.90566111056742e-05,0.00605951740109045,0.0361959351968256,0.178072443623868,FALSE
"1D","Pres-VN30",3,313,18,4.52751782078887e-05,0.00668136853855687,0.0392418060019745,0.172681476837823,FALSE
"1D","Pres-VN30",3,371,14,6.10183483206122e-05,0.00691266733511239,0.041886735222988,0.210735779913584,FALSE
"1D","Pres-VN30",3,441,12,3.35841695989952e-05,0.00829819874485681,0.0471180889214521,0.0858940567559201,FALSE
"1D","Pres-VN30",3,524,10,6.00393071444839e-05,0.0085856540681797,0.0483769343306316,0.144551945921295,FALSE
"1D","Pres-VN30",3,623,8,0.000107252455536905,0.00990812049367369,0.0581139162706417,0.18626695771807,FALSE
"1D","Pres-VN30",3,740,8,-0.00013834177409617,0.0108891835971729,0.0588161447791395,-0.216003837113487,FALSE
"M30","VN30-VNINDEX",1,5,8776,3.721812248496e-06,0.00202869339920287,0.00190804932992497,0.961498134811671,TRUE
"M30","VN30-VNINDEX",1,6,7314,4.6947484230882e-06,0.00227871134121291,0.00214211953745001,0.961787899155253,TRUE
"M30","VN30-VNINDEX",1,8,5484,6.58133026301214e-06,0.00268964320237707,0.00254017552342022,0.963286083408593,TRUE
"M30","VN30-VNINDEX",1,10,4388,8.5885567445247e-06,0.00307163514407373,0.0029000501305176,0.964151000470066,TRUE
"M30","VN30-VNINDEX",1,13,3374,1.16421723200145e-05,0.00355787504366145,0.00338317649700748,0.96720532060191,TRUE
"M30","VN30-VNINDEX",1,17,2580,1.59231078365512e-05,0.00415381320560205,0.00395648876175896,0.968882110511374,TRUE
"M30","VN30-VNINDEX",1,21,2088,2.05163211764648e-05,0.00471422982994396,0.00448594589956323,0.970140657813238,TRUE
"M30","VN30-VNINDEX",1,27,1624,2.79990736118375e-05,0.00550014494615117,0.00523662636834992,0.972115660266927,TRUE
"M30","VN30-VNINDEX",1,34,1290,3.52236462817001e-05,0.00616714756723295,0.00588151080898412,0.971093554204013,TRUE
"M30","VN30-VNINDEX",1,44,996,4.54128417358157e-05,0.00701822548834765,0.00666985541904488,0.970141184189148,TRUE
"M30","VN30-VNINDEX",1,56,782,5.95106523333004e-05,0.00799899970326741,0.00766475334086631,0.97064594997099,TRUE
"M30","VN30-VNINDEX",1,71,618,7.09392167553524e-05,0.00877889989013848,0.00834560611217309,0.968252014086244,TRUE
"M30","VN30-VNINDEX",1,91,482,0.000100734394147012,0.0104517687832662,0.00992853422120779,0.970739827318563,TRUE
"M30","VN30-VNINDEX",1,115,380,0.000120108709298871,0.0114026127104683,0.0108505563597111,0.970773961853705,TRUE
"M30","VN30-VNINDEX",1,147,298,0.00016213376759726,0.01319809038595,0.0126533339033038,0.970861787592861,TRUE
"M30","VN30-VNINDEX",1,187,234,0.000205948334760701,0.0148606105709127,0.0142580962045996,0.971986181149897,TRUE
"M30","VN30-VNINDEX",1,238,184,0.000273358950203738,0.0172041695462948,0.0163363406712062,0.972623598795267,TRUE
"M30","VN30-VNINDEX",1,303,144,0.000347409938744503,0.0192990660095181,0.0185472538652571,0.970568809696383,TRUE
"M30","VN30-VNINDEX",1,385,112,0.00046355273410576,0.0220569878435611,0.0216104773617644,0.972497699935298,TRUE
"M30","VN30-VNINDEX",1,491,88,0.000583554697732554,0.0247233126797255,0.0242726180838538,0.972429858746601,FALSE
"M30","VN30-VNINDEX",1,625,70,0.000674712718638921,0.0265341720802941,0.0262386110331096,0.969108748365953,FALSE
"M30","VN30-VNINDEX",1,795,54,0.000985618767147493,0.0320734157857986,0.0315989455946024,0.972503468238237,FALSE
"M30","VN30-VNINDEX",1,1012,42,0.00105920092542949,0.0331602774614494,0.0329273495455479,0.970070776857974,FALSE
"M30","VN30-VNINDEX",1,1289,34,0.00128905963816135,0.0368050913291446,0.036213222712295,0.967159128128603,FALSE
"M30","VN30-VNINDEX",1,1641,26,0.00209105881722784,0.0465162304779165,0.0461246770295091,0.974604465498211,FALSE
"M30","VN30-VNINDEX",1,2089,20,0.00248135274905095,0.0505979328409299,0.0503994885590893,0.973037559176347,FALSE
"M30","VN30-VNINDEX",1,2659,16,0.0029467397015207,0.054692459724616,0.0551685319038719,0.976613878520567,FALSE
"M30","VN30-VNINDEX",1,3385,12,0.00485911133731705,0.0719703671612746,0.0690598118447592,0.977637250986205,FALSE
"M30","VN30-VNINDEX",1,4309,10,0.00643030357769153,0.0860160907527924,0.0773038808977044,0.967053449333273,FALSE
"M30","VN30-VNINDEX",1,5485,8,0.010715355071503,0.10977433236869,0.098974980480971,0.986234833154149,FALSE
"M30","VN30-VNINDEX",2,5,8776,1.81449244227685e-06,0.00141964795866012,0.00133389241390657,0.958194555118004,TRUE
"M30","VN30-VNINDEX",2,6,7314,2.60792410884872e-06,0.00170040043558513,0.00159944582982471,0.958901958589763,TRUE
"M30","VN30-VNINDEX",2,8,5484,3.889984906332e-06,0.00207377122107201,0.00195171926977859,0.961102535444284,TRUE
"M30","VN30-VNINDEX",2,10,4388,5.5153733122151e-06,0.00246562878859319,0.00232274070433985,0.963044799605424,TRUE
"M30","VN30-VNINDEX",2,13,3374,6.90242272297076e-06,0.00275424549105296,0.00260204011898638,0.963130015500064,TRUE
"M30","VN30-VNINDEX",2,17,2580,9.11248301932311e-06,0.00315613441112146,0.00299569706055344,0.963792069501369,TRUE
"M30","VN30-VNINDEX",2,21,2088,1.19011827458204e-05,0.00359951035889183,0.00342237056942232,0.966094620130597,TRUE
"M30","VN30-VNINDEX",2,27,1624,1.65941754702582e-05,0.00423943611329889,0.00403419861097649,0.970264870565848,TRUE
"M30","VN30-VNINDEX",2,34,1290,2.1739532516751e-05,0.00484393385143636,0.0046206185496623,0.971296625225488,TRUE
"M30","VN30-VNINDEX",2,44,996,2.91018792545007e-05,0.00559790612454291,0.00535021345132668,0.971682350567002,TRUE
"M30","VN30-VNINDEX",2,56,782,3.79170055317724e-05,0.00639698965680883,0.00609584958685095,0.972353408738232,TRUE
"M30","VN30-VNINDEX",2,71,618,4.78836449281989e-05,0.00720621029862482,0.00684851398028062,0.970250606957816,TRUE
"M30","VN30-VNINDEX",2,91,482,6.13674477083638e-05,0.00812816521100916,0.00777646243423853,0.970875318048893,TRUE
"M30","VN30-VNINDEX",2,115,380,7.78137433797037e-05,0.00916624966038605,0.00875526254817357,0.96960635317206,TRUE
"M30","VN30-VNINDEX",2,147,298,0.000104779426874432,0.0106073316943255,0.0101746584914041,0.970845289582589,TRUE
"M30","VN30-VNINDEX",2,187,234,0.000129367547806663,0.0118216285460513,0.0112708129028904,0.970940901846204,TRUE
"M30","VN30-VNINDEX",2,238,184,0.000171656849048479,0.0136462283797057,0.0129301613251913,0.972847030502244,TRUE
"M30","VN30-VNINDEX",2,303,144,0.000231801769896587,0.0157774315187649,0.0150692066623381,0.974967311266974,TRUE
"M30","VN30-VNINDEX",2,385,112,0.000291608697854058,0.017610521945236,0.0170214181433969,0.972820032527999,TRUE
"M30","VN30-VNINDEX",2,491,88,0.000357917954980558,0.0194834474622789,0.0189174080945432,0.971082321411004,FALSE
"M30","VN30-VNINDEX",2,625,70,0.000492253276731296,0.0228976288572859,0.0221022758987458,0.972660116547831,FALSE
"M30","VN30-VNINDEX",2,795,54,0.00053363425933658,0.0237723176876163,0.0232036712233367,0.967420920631052,FALSE
"M30","VN30-VNINDEX",2,1012,42,0.000718851775013708,0.0274832559662497,0.027031381932013,0.967615725786995,FALSE
"M30","VN30-VNINDEX",2,1289,34,0.000920074973505415,0.0308257778430336,0.0306556223189772,0.973641410363619,FALSE
"M30","VN30-VNINDEX",2,1641,26,0.00124951677385228,0.0362005326934699,0.0354788196465336,0.972877067920451,FALSE
"M30","VN30-VNINDEX",2,2089,20,0.00167263328931467,0.0417176681073894,0.0411361065057557,0.974669840127812,FALSE
"M30","VN30-VNINDEX",2,2659,16,0.00198119006804742,0.0450114235037118,0.0450167120180926,0.977754048626489,FALSE
"M30","VN30-VNINDEX",2,3385,12,0.00247178882213849,0.0507208651324747,0.0504384671762333,0.966190652309173,FALSE
"M30","VN30-VNINDEX",2,4309,10,0.00330680781735157,0.0588044703349027,0.0579050161986639,0.971141303975772,FALSE
"M30","VN30-VNINDEX",2,5485,8,0.00544169885328943,0.0741504062594687,0.0744294096456031,0.985998819326235,FALSE
"M30","VN30-VNINDEX",3,5,8776,7.39026523346085e-07,0.000905075121561773,0.000854596800475118,0.955463575721616,TRUE
"M30","VN30-VNINDEX",3,6,7314,1.48512980031149e-06,0.00128365648865233,0.00120623559194175,0.959143202608518,TRUE
"M30","VN30-VNINDEX",3,8,5484,2.54890660103143e-06,0.00167868266893127,0.00158271892497476,0.959359808069521,TRUE
"M30","VN30-VNINDEX",3,10,4388,3.90196917134393e-06,0.00207732552362897,0.00195187312012863,0.962338128722537,TRUE
"M30","VN30-VNINDEX",3,13,3374,4.93612428031924e-06,0.00233697112907925,0.00219594655252881,0.961858025543317,TRUE
"M30","VN30-VNINDEX",3,17,2580,6.61816260292231e-06,0.00269481023335617,0.00255194185387124,0.962362010091342,TRUE
"M30","VN30-VNINDEX",3,21,2088,8.26136753548153e-06,0.00300753817626039,0.00285106219073537,0.963460921552162,TRUE
"M30","VN30-VNINDEX",3,27,1624,1.12455666559347e-05,0.00349538548850005,0.00333035196639996,0.96604227304552,TRUE
"M30","VN30-VNINDEX",3,34,1290,1.51771027228745e-05,0.00405840369579549,0.00385887388641988,0.969109929406505,TRUE
"M30","VN30-VNINDEX",3,44,996,2.05639443312804e-05,0.00472116977300543,0.00448726218421269,0.970678378823716,TRUE
"M30","VN30-VNINDEX",3,56,782,2.70187236809627e-05,0.00540881162595697,0.00514030152415812,0.971794369468022,TRUE
"M30","VN30-VNINDEX",3,71,618,3.39722347194715e-05,0.0060682462451271,0.00577243955843587,0.969843201887547,TRUE
"M30","VN30-VNINDEX",3,91,482,4.43733000435957e-05,0.00692408943101229,0.00660289435256901,0.970565190738686,TRUE
"M30","VN30-VNINDEX",3,115,380,5.67155752094299e-05,0.00782232189168215,0.00747001223722594,0.970611302865307,TRUE
"M30","VN30-VNINDEX",3,147,298,7.68000660370315e-05,0.00908758177823184,0.00870451710350931,0.970886759536897,TRUE
"M30","VN30-VNINDEX",3,187,234,9.41704761945049e-05,0.0101034131524925,0.00961759452441365,0.969125878108201,TRUE
"M30","VN30-VNINDEX",3,238,184,0.000123837685925067,0.0115959196864248,0.0109946033125175,0.971332823417739,TRUE
"M30","VN30-VNINDEX",3,303,144,0.000153854951938313,0.0128576311594576,0.0123324769356072,0.970286980078848,TRUE
"M30","VN30-VNINDEX",3,385,112,0.000204244659444426,0.0148622194605795,0.0141403725844181,0.971865547473843,TRUE
"M30","VN30-VNINDEX",3,491,88,0.000289525693991802,0.0176426736249608,0.0168380052230384,0.974612711204104,FALSE
"M30","VN30-VNINDEX",3,625,70,0.000358083897890582,0.0195359262093997,0.0188479197145402,0.97249496834683,FALSE
"M30","VN30-VNINDEX",3,795,54,0.000431505502087806,0.0214651772107817,0.0207551608890071,0.968558273406958,FALSE
"M30","VN30-VNINDEX",3,1012,42,0.00054982024967549,0.0241122894969551,0.0234942031982335,0.970558150170932,FALSE
"M30","VN30-VNINDEX",3,1289,34,0.000706986143109307,0.027194901974116,0.0267511055164294,0.971810684644308,FALSE
"M30","VN30-VNINDEX",3,1641,26,0.00102623313481146,0.0324813275885229,0.0324071682998665,0.974924931960707,FALSE
"M30","VN30-VNINDEX",3,2089,20,0.00124408703950877,0.0356901794352757,0.0357105503865765,0.976125123035124,FALSE
"M30","VN30-VNINDEX",3,2659,16,0.00146228341337055,0.0388050377958271,0.0386147487563836,0.975866095506314,FALSE
"M30","VN30-VNINDEX",3,3385,12,0.00196818131874691,0.0448799491457106,0.0448696574079132,0.977372230684607,FALSE
"M30","VN30-VNINDEX",3,4309,10,0.00250061090586436,0.0510302692067573,0.0504785812142704,0.97075832058451,FALSE
"M30","VN30-VNINDEX",3,5485,8,0.00333849966091727,0.0575615516371467,0.0590236109971401,0.982636899496947,FALSE
"M30","VN30-VN100",1,5,8776,3.9896768288548e-06,0.00202869339920287,0.00199300870209354,0.986761297487907,TRUE
"M30","VN30-VN100",1,6,7314,5.05076724391408e-06,0.00227871134121291,0.00224645430034019,0.986666659653944,TRUE
"M30","VN30-VN100",1,8,5484,7.05544326716843e-06,0.00268964320237707,0.00265916636630514,0.986470546728095,TRUE
"M30","VN30-VN100",1,10,4388,9.21205092928995e-06,0.00307163514407373,0.00303948107997698,0.986704838931663,TRUE
"M30","VN30-VN100",1,13,3374,1.24495282385626e-05,0.00355787504366145,0.00354530670509964,0.986980089010311,TRUE
"M30","VN30-VN100",1,17,2580,1.69803564172351e-05,0.00415381320560205,0.00414063495657092,0.987263076782048,TRUE
"M30","VN30-VN100",1,21,2088,2.19226692505645e-05,0.00471422982994396,0.00470971385115697,0.987388713493827,TRUE
"M30","VN30-VN100",1,27,1624,2.98760865489285e-05,0.00550014494615117,0.00549883715075504,0.987822049738493,TRUE
"M30","VN30-VN100",1,34,1290,3.76502705238846e-05,0.00616714756723295,0.00618258686370622,0.987446407022951,TRUE
"M30","VN30-VN100",1,44,996,4.8648873849795e-05,0.00701822548834765,0.00702244162963092,0.987091326609467,TRUE
"M30","VN30-VN100",1,56,782,6.35362223978052e-05,0.00799899970326741,0.00804706407236441,0.987070675781565,TRUE
"M30","VN30-VN100",1,71,618,7.59640141195727e-05,0.00877889989013848,0.00877374459473457,0.986240473867241,TRUE
"M30","VN30-VN100",1,91,482,0.000107813395915189,0.0104517687832662,0.0104492485824861,0.987183462043477,TRUE
"M30","VN30-VN100",1,115,380,0.000128139159124256,0.0114026127104683,0.0113867388328907,0.986911333174127,TRUE
"M30","VN30-VN100",1,147,298,0.000172671880214712,0.01319809038595,0.013261994199434,0.986510441160098,TRUE
"M30","VN30-VN100",1,187,234,0.000219041975858139,0.0148606105709127,0.0149378421416977,0.986740216913976,TRUE
"M30","VN30-VN100",1,238,184,0.00029216212313994,0.0172041695462948,0.0171987637297759,0.987399647101991,TRUE
"M30","VN30-VN100",1,303,144,0.000369761007583866,0.0192990660095181,0.0194267545807565,0.986244436361203,TRUE
"M30","VN30-VN100",1,385,112,0.000486199745097,0.0220569878435611,0.0223502369608508,0.986248580251244,TRUE
"M30","VN30-VN100",1,491,88,0.000612284916129977,0.0247233126797255,0.0251223873421743,0.985793594133576,FALSE
"M30","VN30-VN100",1,625,70,0.000704699507070412,0.0265341720802941,0.0269783240866031,0.984426869160315,FALSE
"M30","VN30-VN100",1,795,54,0.00103528045848656,0.0320734157857986,0.0327099187696628,0.986809533674812,FALSE
"M30","VN30-VN100",1,1012,42,0.00112134350057166,0.0331602774614494,0.0342839022260227,0.986348223129851,FALSE
"M30","VN30-VN100",1,1289,34,0.00137510950409259,0.0368050913291446,0.0379444928137386,0.984647158126292,FALSE
"M30","VN30-VN100",1,1641,26,0.00218117396866904,0.0465162304779165,0.0475052354591644,0.987061737530783,FALSE
"M30","VN30-VN100",1,2089,20,0.00258040007992295,0.0505979328409299,0.0517350812377032,0.985755336885829,FALSE
"M30","VN30-VN100",1,2659,16,0.00308655943873584,0.054692459724616,0.05721648694334,0.986338533597957,FALSE
"M30","VN30-VN100",1,3385,12,0.00511885322737128,0.0719703671612746,0.0719053124304793,0.989140493282327,FALSE
"M30","VN30-VN100",1,4309,10,0.00714749565921047,0.0860160907527924,0.0841269656355323,0.987731660317437,FALSE
"M30","VN30-VN100",1,5485,8,0.0118130907431202,0.10977433236869,0.108441146875891,0.992358590387933,FALSE
"M30","VN30-VN100",2,5,8776,1.94603855231351e-06,0.00141964795866012,0.00139031072805997,0.985959108504565,TRUE
"M30","VN30-VN100",2,6,7314,2.80061528613882e-06,0.00170040043558513,0.00167007819487845,0.986201006911412,TRUE
"M30","VN30-VN100",2,8,5484,4.17539581132336e-06,0.00207377122107201,0.00204122609214525,0.986383268348786,TRUE
"M30","VN30-VN100",2,10,4388,5.91148244912752e-06,0.00246562878859319,0.00242912319741241,0.987004586779706,TRUE
"M30","VN30-VN100",2,13,3374,7.40280900961524e-06,0.00275424549105296,0.00272484916926027,0.986396290358811,TRUE
"M30","VN30-VN100",2,17,2580,9.75250638429638e-06,0.00315613441112146,0.00313403918836747,0.985953266814417,TRUE
"M30","VN30-VN100",2,21,2088,1.27197677856002e-05,0.00359951035889183,0.00358201254945855,0.986526264444748,TRUE
"M30","VN30-VN100",2,27,1624,1.77006501688649e-05,0.00423943611329889,0.00422744088588683,0.987651165332396,TRUE
"M30","VN30-VN100",2,34,1290,2.31825940097414e-05,0.00484393385143636,0.00484483819841074,0.987835315205871,TRUE
"M30","VN30-VN100",2,44,996,3.10233138045531e-05,0.00559790612454291,0.0056110867947549,0.987678472615567,TRUE
"M30","VN30-VN100",2,56,782,4.05260119471431e-05,0.00639698965680883,0.00641345589284603,0.987793370933482,TRUE
"M30","VN30-VN100",2,71,618,5.12592449981724e-05,0.00720621029862482,0.00720489136628207,0.987274309612012,TRUE
"M30","VN30-VN100",2,91,482,6.56075360348716e-05,0.00812816521100916,0.0081764015102985,0.987186017712323,TRUE
"M30","VN30-VN100",2,115,380,8.32241897605938e-05,0.00916624966038605,0.00920166584410806,0.986714330888214,TRUE
"M30","VN30-VN100",2,147,298,0.000111665171742966,0.0106073316943255,0.0106683151045466,0.986769582826712,TRUE
"M30","VN30-VN100",2,187,234,0.000137834592659958,0.0118216285460513,0.0118133148006098,0.986981792269156,TRUE
"M30","VN30-VN100",2,238,184,0.000183875201093094,0.0136462283797057,0.0136459232865528,0.987432915280573,TRUE
"M30","VN30-VN100",2,303,144,0.000245180897291025,0.0157774315187649,0.0157274847838057,0.988077597223349,TRUE
"M30","VN30-VN100",2,385,112,0.000308564574620562,0.017610521945236,0.01775827693825,0.986672473225062,TRUE
"M30","VN30-VN100",2,491,88,0.000377172984546688,0.0194834474622789,0.019625906169506,0.98638181138924,FALSE
"M30","VN30-VN100",2,625,70,0.000517799649913443,0.0228976288572859,0.0229329886163475,0.986076446408816,FALSE
"M30","VN30-VN100",2,795,54,0.00056322066810342,0.0237723176876163,0.0240863778096368,0.983638601652593,FALSE
"M30","VN30-VN100",2,1012,42,0.000755068184237681,0.0274832559662497,0.0278999762871934,0.984723164319557,FALSE
"M30","VN30-VN100",2,1289,34,0.000959994515169325,0.0308257778430336,0.031598940652805,0.985557992655892,FALSE
"M30","VN30-VN100",2,1641,26,0.00131511892288586,0.0362005326934699,0.0367907372586404,0.987441952316558,FALSE
"M30","VN30-VN100",2,2089,20,0.00174835356530832,0.0417176681073894,0.0424226255600353,0.987897064828304,FALSE
"M30","VN30-VN100",2,2659,16,0.00207443832266984,0.0450114235037118,0.0466926394706183,0.987027730455289,FALSE
"M30","VN30-VN100",2,3385,12,0.00256423516035787,0.0507208651324747,0.0513458019690489,0.984614567202944,FALSE
"M30","VN30-VN100",2,4309,10,0.00337271765495404,0.0588044703349027,0.0582363987086577,0.984861437225144,FALSE
"M30","VN30-VN100",2,5485,8,0.00563749773778658,0.0741504062594687,0.0769530769323612,0.987977049716841,FALSE
"M30","VN30-VN100",3,5,8776,7.97773740287939e-07,0.000905075121561773,0.000894595952681071,0.985299314310853,TRUE
"M30","VN30-VN100",3,6,7314,1.59274864701375e-06,0.00128365648865233,0.00125731533767728,0.986856965819115,TRUE
"M30","VN30-VN100",3,8,5484,2.73360907567238e-06,0.00167868266893127,0.00165123928552972,0.986183627960658,TRUE
"M30","VN30-VN100",3,10,4388,4.18190026734419e-06,0.00207732552362897,0.00203934979731095,0.987136907917209,TRUE
"M30","VN30-VN100",3,13,3374,5.30196848758568e-06,0.00233697112907925,0.00229973765548232,0.98651910142476,TRUE
"M30","VN30-VN100",3,17,2580,7.08387030773917e-06,0.00269481023335617,0.00266561872518992,0.986153188078757,TRUE
"M30","VN30-VN100",3,21,2088,8.84793117113939e-06,0.00300753817626039,0.00298334829958928,0.986112871314979,TRUE
"M30","VN30-VN100",3,27,1624,1.20102646425301e-05,0.00349538548850005,0.00348298058989889,0.98652124869957,TRUE
"M30","VN30-VN100",3,34,1290,1.61983388630263e-05,0.00405840369579549,0.00404374591838251,0.987032324172031,TRUE
"M30","VN30-VN100",3,44,996,2.20293768876753e-05,0.00472116977300543,0.00472477769632785,0.987577565547574,TRUE
"M30","VN30-VN100",3,56,782,2.89245234547369e-05,0.00540881162595697,0.00541381387477109,0.987781834797891,TRUE
"M30","VN30-VN100",3,71,618,3.63045653758746e-05,0.0060682462451271,0.00606145751064492,0.987008700217679,TRUE
"M30","VN30-VN100",3,91,482,4.75296408276999e-05,0.00692408943101229,0.00695425668393041,0.987077260917968,TRUE
"M30","VN30-VN100",3,115,380,6.0709118314588e-05,0.00782232189168215,0.00786455635357055,0.986833794180545,TRUE
"M30","VN30-VN100",3,147,298,8.22143656738796e-05,0.00908758177823184,0.00916774173419024,0.986817876032189,TRUE
"M30","VN30-VN100",3,187,234,0.000101166645895062,0.0101034131524925,0.0101493931018152,0.986572862231133,TRUE
"M30","VN30-VN100",3,238,184,0.000133087540914933,0.0115959196864248,0.0116276307833324,0.987054127322419,TRUE
"M30","VN30-VN100",3,303,144,0.000163888767750474,0.0128576311594576,0.0129245340671189,0.986218922477994,TRUE
"M30","VN30-VN100",3,385,112,0.000216322097494495,0.0148622194605795,0.0147467127217345,0.987011005906729,TRUE
"M30","VN30-VN100",3,491,88,0.000309238447488004,0.0176426736249608,0.0177506558972269,0.98744901067315,FALSE
"M30","VN30-VN100",3,625,70,0.000376965152689901,0.0195359262093997,0.019549776870024,0.987018729758022,FALSE
"M30","VN30-VN100",3,795,54,0.000457817239749842,0.0214651772107817,0.0216569610982665,0.984827456350135,FALSE
"M30","VN30-VN100",3,1012,42,0.000574806646323756,0.0241122894969551,0.0242046052579277,0.984884556556598,FALSE
"M30","VN30-VN100",3,1289,34,0.000739745823605332,0.027194901974116,0.0276418318712736,0.984075009635186,FALSE
"M30","VN30-VN100",3,1641,26,0.00106655295669672,0.0324813275885229,0.0332588966233542,0.987281081819404,FALSE
"M30","VN30-VN100",3,2089,20,0.00128451367803911,0.0356901794352757,0.0364352085262844,0.987799364309335,FALSE
"M30","VN30-VN100",3,2659,16,0.00152940768977841,0.0388050377958271,0.0399171755268675,0.987359604140862,FALSE
"M30","VN30-VN100",3,3385,12,0.00203437692453845,0.0448799491457106,0.0458380838933081,0.988900530413359,FALSE
"M30","VN30-VN100",3,4309,10,0.00259121253604257,0.0510302692067573,0.0515050404406599,0.985883150263787,FALSE
"M30","VN30-VN100",3,5485,8,0.00328385822819856,0.0575615516371467,0.0576993469515386,0.988737507325735,FALSE
"M30","VN100-VNINDEX",1,5,8776,3.70489466421778e-06,0.00199300870209354,0.00190804932992497,0.974264933317577,TRUE
"M30","VN100-VNINDEX",1,6,7314,4.688727351982e-06,0.00224645430034019,0.00214211953745001,0.974347082248631,TRUE
"M30","VN100-VNINDEX",1,8,5484,6.59550005053783e-06,0.00265916636630514,0.00254017552342022,0.976424104227471,TRUE
"M30","VN100-VNINDEX",1,10,4388,8.61223795272351e-06,0.00303948107997698,0.0029000501305176,0.977037136209055,TRUE
"M30","VN100-VNINDEX",1,13,3374,1.17483473183929e-05,0.00354530670509964,0.00338317649700748,0.979486173926224,TRUE
"M30","VN100-VNINDEX",1,17,2580,1.60681047613506e-05,0.00414063495657092,0.00395648876175896,0.980816523979392,TRUE
"M30","VN100-VNINDEX",1,21,2088,2.07436558053398e-05,0.00470971385115697,0.00448594589956323,0.981831009724893,TRUE
"M30","VN100-VNINDEX",1,27,1624,2.83159870285747e-05,0.00549883715075504,0.00523662636834992,0.983352572662217,TRUE
"M30","VN100-VNINDEX",1,34,1290,3.57407382130338e-05,0.00618258686370622,0.00588151080898412,0.982888813249579,TRUE
"M30","VN100-VNINDEX",1,44,996,4.60208744263233e-05,0.00702244162963092,0.00666985541904488,0.982540154839139,TRUE
"M30","VN100-VNINDEX",1,56,782,6.06197017944365e-05,0.00804706407236441,0.00766475334086631,0.982829430792454,TRUE
"M30","VN100-VNINDEX",1,71,618,7.18756063237696e-05,0.00877374459473457,0.00834560611217309,0.981609267558979,TRUE
"M30","VN100-VNINDEX",1,91,482,0.000102059046996171,0.0104492485824861,0.00992853422120779,0.9837422198602,TRUE
"M30","VN100-VNINDEX",1,115,380,0.000121523395515834,0.0113867388328907,0.0108505563597111,0.983577372040885,TRUE
"M30","VN100-VNINDEX",1,147,298,0.000165051699334851,0.013261994199434,0.0126533339033038,0.983572092794353,TRUE
"M30","VN100-VNINDEX",1,187,234,0.000209509495121835,0.0149378421416977,0.0142580962045996,0.983681047410039,TRUE
"M30","VN100-VNINDEX",1,238,184,0.000276603600838619,0.0171987637297759,0.0163363406712062,0.984477551671038,TRUE
"M30","VN100-VNINDEX",1,303,144,0.000354261710849377,0.0194267545807565,0.0185472538652571,0.983205604586323,TRUE
"M30","VN100-VNINDEX",1,385,112,0.000475783355286875,0.0223502369608508,0.0216104773617644,0.985060154876077,TRUE
"M30","VN100-VNINDEX",1,491,88,0.000600410215860528,0.0251223873421743,0.0242726180838538,0.98462428506317,FALSE
"M30","VN100-VNINDEX",1,625,70,0.000696029080165173,0.0269783240866031,0.0262386110331096,0.983267253752028,FALSE
"M30","VN100-VNINDEX",1,795,54,0.00101708059601511,0.0327099187696628,0.0315989455946024,0.984018610222557,FALSE
"M30","VN100-VNINDEX",1,1012,42,0.0011076252705652,0.0342839022260227,0.0329273495455479,0.981173553557772,FALSE
"M30","VN100-VNINDEX",1,1289,34,0.00134829368501136,0.0379444928137386,0.036213222712295,0.981224927421009,FALSE
"M30","VN100-VNINDEX",1,1641,26,0.00215416234676061,0.0475052354591644,0.0461246770295091,0.983113403635411,FALSE
"M30","VN100-VNINDEX",1,2089,20,0.0025638574081028,0.0517350812377032,0.0503994885590893,0.983292220078042,FALSE
"M30","VN100-VNINDEX",1,2659,16,0.00309904037307448,0.05721648694334,0.0551685319038719,0.981780988788091,FALSE
"M30","VN100-VNINDEX",1,3385,12,0.00487697262069185,0.0719053124304793,0.0690598118447592,0.98211862936999,FALSE
"M30","VN100-VNINDEX",1,4309,10,0.00635295835889807,0.0841269656355323,0.0773038808977044,0.976876104996796,FALSE
"M30","VN100-VNINDEX",1,5485,8,0.0106321320001703,0.108441146875891,0.098974980480971,0.990605723724782,FALSE
"M30","VN100-VNINDEX",2,5,8776,1.80123889917706e-06,0.00139031072805997,0.00133389241390657,0.971267016688168,TRUE
"M30","VN100-VNINDEX",2,6,7314,2.59624349372797e-06,0.00167007819487845,0.00159944582982471,0.971939157810802,TRUE
"M30","VN100-VNINDEX",2,8,5484,3.88020777278239e-06,0.00204122609214525,0.00195171926977859,0.973972108367266,TRUE
"M30","VN100-VNINDEX",2,10,4388,5.50553390832303e-06,0.00242912319741241,0.00232274070433985,0.975773837678265,TRUE
"M30","VN100-VNINDEX",2,13,3374,6.92149517744276e-06,0.00272484916926027,0.00260204011898638,0.976210478177659,TRUE
"M30","VN100-VNINDEX",2,17,2580,9.17439253548813e-06,0.00313403918836747,0.00299569706055344,0.977180972784644,TRUE
"M30","VN100-VNINDEX",2,21,2088,1.20033328325258e-05,0.00358201254945855,0.00342237056942232,0.979146583621861,TRUE
"M30","VN100-VNINDEX",2,27,1624,1.67403236725468e-05,0.00422744088588683,0.00403419861097649,0.981587528560227,TRUE
"M30","VN100-VNINDEX",2,34,1290,2.19945609513757e-05,0.00484483819841074,0.0046206185496623,0.982507563317577,TRUE
"M30","VN100-VNINDEX",2,44,996,2.9516957402306e-05,0.0056110867947549,0.00535021345132668,0.983226313968798,TRUE
"M30","VN100-VNINDEX",2,56,782,3.84457637534749e-05,0.00641345589284603,0.00609584958685095,0.983381736385129,TRUE
"M30","VN100-VNINDEX",2,71,618,4.84651986628724e-05,0.00720489136628207,0.00684851398028062,0.9822142116199,TRUE
"M30","VN100-VNINDEX",2,91,482,6.24815917309361e-05,0.0081764015102985,0.00777646243423853,0.982670223851348,TRUE
"M30","VN100-VNINDEX",2,115,380,7.92001086578856e-05,0.00920166584410806,0.00875526254817357,0.983082908009969,TRUE
"M30","VN100-VNINDEX",2,147,298,0.000106774765837537,0.0106683151045466,0.0101746584914041,0.983677984679455,TRUE
"M30","VN100-VNINDEX",2,187,234,0.000130898127110354,0.0118133148006098,0.0112708129028904,0.983119737020346,TRUE
"M30","VN100-VNINDEX",2,238,184,0.00017357680861839,0.0136459232865528,0.0129301613251913,0.983750192252965,TRUE
"M30","VN100-VNINDEX",2,303,144,0.000233405674522304,0.0157274847838057,0.0150692066623381,0.984831084113969,TRUE
"M30","VN100-VNINDEX",2,385,112,0.000297586739441011,0.01775827693825,0.0170214181433969,0.984502923060324,TRUE
"M30","VN100-VNINDEX",2,491,88,0.000365410728822773,0.019625906169506,0.0189174080945432,0.984214918346401,FALSE
"M30","VN100-VNINDEX",2,625,70,0.000499800954758606,0.0229329886163475,0.0221022758987458,0.986051118622066,FALSE
"M30","VN100-VNINDEX",2,795,54,0.000548596463764239,0.0240863778096368,0.0232036712233367,0.981577978077065,FALSE
"M30","VN100-VNINDEX",2,1012,42,0.000740071299025205,0.0278999762871934,0.027031381932013,0.98129927738362,FALSE
"M30","VN100-VNINDEX",2,1289,34,0.000953073087397334,0.031598940652805,0.0306556223189772,0.983883202622848,FALSE
"M30","VN100-VNINDEX",2,1641,26,0.00128284340555479,0.0367907372586404,0.0354788196465336,0.982801911388905,FALSE
"M30","VN100-VNINDEX",2,2089,20,0.00171904370086536,0.0424226255600353,0.0411361065057557,0.985067951470778,FALSE
"M30","VN100-VNINDEX",2,2659,16,0.00207160140742061,0.0466926394706183,0.0450167120180926,0.985562116166789,FALSE
"M30","VN100-VNINDEX",2,3385,12,0.00254407011747775,0.0513458019690489,0.0504384671762333,0.98234096565973,FALSE
"M30","VN100-VNINDEX",2,4309,10,0.00330083292469359,0.0582363987086577,0.0579050161986639,0.97884256056252,FALSE
"M30","VN100-VNINDEX",2,5485,8,0.00565023273535863,0.0769530769323612,0.0744294096456031,0.986497009559752,FALSE
"M30","VN100-VNINDEX",3,5,8776,7.41462323063693e-07,0.000894595952681071,0.000854596800475118,0.969841795070294,TRUE
"M30","VN100-VNINDEX",3,6,7314,1.47292634804024e-06,0.00125731533767728,0.00120623559194175,0.971191066009703,TRUE
"M30","VN100-VNINDEX",3,8,5484,2.54171989912268e-06,0.00165123928552972,0.00158271892497476,0.972554350846091,TRUE
"M30","VN100-VNINDEX",3,10,4388,3.87948598493074e-06,0.00203934979731095,0.00195187312012863,0.974610037587187,TRUE
"M30","VN100-VNINDEX",3,13,3374,4.92372874186825e-06,0.00229973765548232,0.00219594655252881,0.974976295523107,TRUE
"M30","VN100-VNINDEX",3,17,2580,6.63786727088515e-06,0.00266561872518992,0.00255194185387124,0.975797629725601,TRUE
"M30","VN100-VNINDEX",3,21,2088,8.3083558118266e-06,0.00298334829958928,0.00285106219073537,0.976797270160425,TRUE
"M30","VN100-VNINDEX",3,27,1624,1.13540607846033e-05,0.00348298058989889,0.00333035196639996,0.978836209567871,TRUE
"M30","VN100-VNINDEX",3,34,1290,1.53110268957944e-05,0.00404374591838251,0.00385887388641988,0.981205274951392,TRUE
"M30","VN100-VNINDEX",3,44,996,2.08269197150762e-05,0.00472477769632785,0.00448726218421269,0.982340880847924,TRUE
"M30","VN100-VNINDEX",3,56,782,2.73596674210878e-05,0.00541381387477109,0.00514030152415812,0.983147995620055,TRUE
"M30","VN100-VNINDEX",3,71,618,3.43678030027325e-05,0.00606145751064492,0.00577243955843587,0.982234786400358,TRUE
"M30","VN100-VNINDEX",3,91,482,4.51125719223318e-05,0.00695425668393041,0.00660289435256901,0.982454672154596,TRUE
"M30","VN100-VNINDEX",3,115,380,5.77352339193966e-05,0.00786455635357055,0.00747001223722594,0.98275528437721,TRUE
"M30","VN100-VNINDEX",3,147,298,7.84739405617993e-05,0.00916774173419024,0.00870451710350931,0.983373290111009,TRUE
"M30","VN100-VNINDEX",3,187,234,9.59343242424393e-05,0.0101493931018152,0.00961759452441365,0.982805285966164,TRUE
"M30","VN100-VNINDEX",3,238,184,0.000125694570730293,0.0116276307833324,0.0109946033125175,0.98320871988387,TRUE
"M30","VN100-VNINDEX",3,303,144,0.000156649796125072,0.0129245340671189,0.0123324769356072,0.982798820221927,TRUE
"M30","VN100-VNINDEX",3,385,112,0.000205096092524851,0.0147467127217345,0.0141403725844181,0.983561031085289,TRUE
"M30","VN100-VNINDEX",3,491,88,0.000294453065798569,0.0177506558972269,0.0168380052230384,0.985169675732532,FALSE
"M30","VN100-VNINDEX",3,625,70,0.000363101508166119,0.019549776870024,0.0188479197145402,0.985423295098334,FALSE
"M30","VN100-VNINDEX",3,795,54,0.000442375717757385,0.0216569610982665,0.0207551608890071,0.984164418734487,FALSE
"M30","VN100-VNINDEX",3,1012,42,0.000559442718627509,0.0242046052579277,0.0234942031982335,0.983777534473287,FALSE
"M30","VN100-VNINDEX",3,1289,34,0.000726930823219669,0.0276418318712736,0.0267511055164294,0.983070193701518,FALSE
"M30","VN100-VNINDEX",3,1641,26,0.0010612038866027,0.0332588966233542,0.0324071682998665,0.984577507358241,FALSE
"M30","VN100-VNINDEX",3,2089,20,0.0012826759050218,0.0364352085262844,0.0357105503865765,0.985823424615553,FALSE
"M30","VN100-VNINDEX",3,2659,16,0.00151740035497008,0.0399171755268675,0.0386147487563836,0.984435267815716,FALSE
"M30","VN100-VNINDEX",3,3385,12,0.00202585493377359,0.0458380838933081,0.0448696574079132,0.984983906589768,FALSE
"M30","VN100-VNINDEX",3,4309,10,0.00255311344811849,0.0515050404406599,0.0504785812142704,0.982003963955479,FALSE
"M30","VN100-VNINDEX",3,5485,8,0.00335360319418036,0.0576993469515386,0.0590236109971401,0.984725084745155,FALSE
"M30","Pcap-VN30",1,5,8776,3.71885488969082e-06,0.00209702054611428,0.00202869339920287,0.874158391040207,TRUE
"M30","Pcap-VN30",1,6,7314,4.74588169548716e-06,0.00238006335076433,0.00227871134121291,0.87506250861714,TRUE
"M30","Pcap-VN30",1,8,5484,6.67102499545255e-06,0.00283519118544503,0.00268964320237707,0.874813640018286,TRUE
"M30","Pcap-VN30",1,10,4388,8.73266816097673e-06,0.00324115754155037,0.00307163514407373,0.877156706797177,TRUE
"M30","Pcap-VN30",1,13,3374,1.20001374783828e-05,0.00382152507922013,0.00355787504366145,0.882589621793737,TRUE
"M30","Pcap-VN30",1,17,2580,1.63914659014119e-05,0.0044586933957158,0.00415381320560205,0.88504065951851,TRUE
"M30","Pcap-VN30",1,21,2088,2.12746635620584e-05,0.00508771845915427,0.00471422982994396,0.887010740685912,TRUE
"M30","Pcap-VN30",1,27,1624,2.9068464977542e-05,0.00593279160876822,0.00550014494615117,0.890817766399165,TRUE
"M30","Pcap-VN30",1,34,1290,3.68255920150667e-05,0.00671738354347815,0.00616714756723295,0.888925267411893,TRUE
"M30","Pcap-VN30",1,44,996,4.73441995365845e-05,0.00762000948821119,0.00701822548834765,0.885286718041268,TRUE
"M30","Pcap-VN30",1,56,782,6.25731751650767e-05,0.00881526600303049,0.00799899970326741,0.887395231320934,TRUE
"M30","Pcap-VN30",1,71,618,7.35872925090672e-05,0.00954712872203275,0.00877889989013848,0.877990768400905,TRUE
"M30","Pcap-VN30",1,91,482,0.000104746273173349,0.0113156528539478,0.0104517687832662,0.885664364469334,TRUE
"M30","Pcap-VN30",1,115,380,0.000124094861204872,0.0123253179183656,0.0114026127104683,0.882980868042439,TRUE
"M30","Pcap-VN30",1,147,298,0.000169407674334794,0.0145445811353835,0.01319809038595,0.882512292709942,TRUE
"M30","Pcap-VN30",1,187,234,0.000215179731632574,0.0163713741468983,0.0148606105709127,0.884462805654034,TRUE
"M30","Pcap-VN30",1,238,184,0.000283943425236607,0.018599120089806,0.0172041695462948,0.887371966515398,TRUE
"M30","Pcap-VN30",1,303,144,0.000363969178527698,0.0214018578770519,0.0192990660095181,0.881204773769765,TRUE
"M30","Pcap-VN30",1,385,112,0.000485530933115222,0.0248998169760466,0.0220569878435611,0.884045352311535,TRUE
"M30","Pcap-VN30",1,491,88,0.000614527554099874,0.0281883571938502,0.0247233126797255,0.881789519880432,FALSE
"M30","Pcap-VN30",1,625,70,0.000706070002619241,0.0305183956397575,0.0265341720802941,0.871927791992961,FALSE
"M30","Pcap-VN30",1,795,54,0.00104942474116963,0.0367276406555178,0.0320734157857986,0.890867373533972,FALSE
"M30","Pcap-VN30",1,1012,42,0.00116809961274302,0.0394622963157521,0.0331602774614494,0.892646221299393,FALSE
"M30","Pcap-VN30",1,1289,34,0.00141918849209295,0.043844592629296,0.0368050913291446,0.879460102057896,FALSE
"M30","Pcap-VN30",1,1641,26,0.00221862761878451,0.0533933764857142,0.0465162304779165,0.89329008942112,FALSE
"M30","Pcap-VN30",1,2089,20,0.00262395109409212,0.0586593579469167,0.0505979328409299,0.884067971287454,FALSE
"M30","Pcap-VN30",1,2659,16,0.00329151312087154,0.0671103459941588,0.054692459724616,0.896765015183946,FALSE
"M30","Pcap-VN30",1,3385,12,0.00498791476918602,0.0768890407020686,0.0719703671612746,0.901365358407586,FALSE
"M30","Pcap-VN30",1,4309,10,0.00660707329426852,0.087254916717842,0.0860160907527924,0.88031786483057,FALSE
"M30","Pcap-VN30",1,5485,8,0.0113026904193922,0.111259384178527,0.10977433236869,0.925431709201468,FALSE
"M30","Pcap-VN30",2,5,8776,1.79685908603074e-06,0.00146187930929366,0.00141964795866012,0.865808486519002,TRUE
"M30","Pcap-VN30",2,6,7314,2.6054430462549e-06,0.00176257589927752,0.00170040043558513,0.869325760447122,TRUE
"M30","Pcap-VN30",2,8,5484,3.90627040771225e-06,0.00216030956940665,0.00207377122107201,0.871937730682503,TRUE
"M30","Pcap-VN30",2,10,4388,5.55049528223213e-06,0.00256519662375959,0.00246562878859319,0.877573268800982,TRUE
"M30","Pcap-VN30",2,13,3374,7.00909537762683e-06,0.00290996993510197,0.00275424549105296,0.874522163721591,TRUE
"M30","Pcap-VN30",2,17,2580,9.3036932087008e-06,0.00337781986738269,0.00315613441112146,0.872696842985233,TRUE
"M30","Pcap-VN30",2,21,2088,1.22106713846004e-05,0.00386226362362418,0.00359951035889183,0.878322892087311,TRUE
"M30","Pcap-VN30",2,27,1624,1.71152854546412e-05,0.00454458594949288,0.00423943611329889,0.888345139366893,TRUE
"M30","Pcap-VN30",2,34,1290,2.25780172149854e-05,0.00523071807290507,0.00484393385143636,0.891099670612231,TRUE
"M30","Pcap-VN30",2,44,996,3.03496163188527e-05,0.00608674905770271,0.00559790612454291,0.890722036080137,TRUE
"M30","Pcap-VN30",2,56,782,3.96754683032395e-05,0.00695522885809878,0.00639698965680883,0.891733307132419,TRUE
"M30","Pcap-VN30",2,71,618,4.98177688830445e-05,0.00779898868096058,0.00720621029862482,0.886418990025308,TRUE
"M30","Pcap-VN30",2,91,482,6.46191964587819e-05,0.00895000218666119,0.00812816521100916,0.888271830022561,TRUE
"M30","Pcap-VN30",2,115,380,8.15123194313789e-05,0.0100630669775725,0.00916624966038605,0.883692575023762,TRUE
"M30","Pcap-VN30",2,147,298,0.000109836363588069,0.0117012755773835,0.0106073316943255,0.884925660972415,TRUE
"M30","Pcap-VN30",2,187,234,0.000133713101674951,0.0127973352842446,0.0118216285460513,0.883847027363522,TRUE
"M30","Pcap-VN30",2,238,184,0.000178833107343836,0.0147617610323797,0.0136462283797057,0.887763156028144,TRUE
"M30","Pcap-VN30",2,303,144,0.000237123244136404,0.0168547160197896,0.0157774315187649,0.891695109144382,TRUE
"M30","Pcap-VN30",2,385,112,0.000305196705122795,0.0195763059494628,0.017610521945236,0.885272286905616,TRUE
"M30","Pcap-VN30",2,491,88,0.000371942931691685,0.0216303231460117,0.0194834474622789,0.882566619505347,FALSE
"M30","Pcap-VN30",2,625,70,0.000503816029890369,0.0250700348228327,0.0228976288572859,0.87766045850288,FALSE
"M30","Pcap-VN30",2,795,54,0.000559129048130061,0.0272050937127493,0.0237723176876163,0.864550375644915,FALSE
"M30","Pcap-VN30",2,1012,42,0.00075450646507096,0.031432178570048,0.0274832559662497,0.873414303012397,FALSE
"M30","Pcap-VN30",2,1289,34,0.000980998548994866,0.0360139216340675,0.0308257778430336,0.883657373338026,FALSE
"M30","Pcap-VN30",2,1641,26,0.00132509914295443,0.0409298127401724,0.0362005326934699,0.894321464119249,FALSE
"M30","Pcap-VN30",2,2089,20,0.00176553744096167,0.0471265791524033,0.0417176681073894,0.898030301780278,FALSE
"M30","Pcap-VN30",2,2659,16,0.00217855603746883,0.0538558241714247,0.0450114235037118,0.898697039776939,FALSE
"M30","Pcap-VN30",2,3385,12,0.00254623127794297,0.0576130675991701,0.0507208651324747,0.871345106136824,FALSE
"M30","Pcap-VN30",2,4309,10,0.00318937080886796,0.0628751842133572,0.0588044703349027,0.862611814358294,FALSE
"M30","Pcap-VN30",2,5485,8,0.00593691363427838,0.0884059724773628,0.0741504062594687,0.905660841962319,FALSE
"M30","Pcap-VN30",3,5,8776,7.51775257756205e-07,0.000960105433007351,0.000905075121561773,0.865136178120155,TRUE
"M30","Pcap-VN30",3,6,7314,1.47440320345959e-06,0.00131494429624229,0.00128365648865233,0.873494329052948,TRUE
"M30","Pcap-VN30",3,8,5484,2.55215843172575e-06,0.0017476255504223,0.00167868266893127,0.869942680906765,TRUE
"M30","Pcap-VN30",3,10,4388,3.89503165517651e-06,0.0021379957505313,0.00207732552362897,0.877000006676452,TRUE
"M30","Pcap-VN30",3,13,3374,4.9589987614403e-06,0.00243080563260781,0.00233697112907925,0.872952109222061,TRUE
"M30","Pcap-VN30",3,17,2580,6.7007541030045e-06,0.00285005398961691,0.00269481023335617,0.872453734547185,TRUE
"M30","Pcap-VN30",3,21,2088,8.42347157912514e-06,0.00320645858819434,0.00300753817626039,0.873482746107005,TRUE
"M30","Pcap-VN30",3,27,1624,1.15640817547185e-05,0.00376430337283538,0.00349538548850005,0.878883796364628,TRUE
"M30","Pcap-VN30",3,34,1290,1.56126874434781e-05,0.00435685302996416,0.00405840369579549,0.882977242901519,TRUE
"M30","Pcap-VN30",3,44,996,2.14700388767345e-05,0.00511394444303521,0.00472116977300543,0.889256825486198,TRUE
"M30","Pcap-VN30",3,56,782,2.82132297139801e-05,0.00585447573623805,0.00540881162595697,0.890969706656769,TRUE
"M30","Pcap-VN30",3,71,618,3.51882275577964e-05,0.00656054459432371,0.0060682462451271,0.883882029312797,TRUE
"M30","Pcap-VN30",3,91,482,4.66405797151762e-05,0.00759616065525434,0.00692408943101229,0.886762113828687,TRUE
"M30","Pcap-VN30",3,115,380,5.96776180247689e-05,0.0086177572028736,0.00782232189168215,0.885281814256354,TRUE
"M30","Pcap-VN30",3,147,298,8.14190699719672e-05,0.0101055730138964,0.00908758177823184,0.886577817596475,TRUE
"M30","Pcap-VN30",3,187,234,9.92044969379031e-05,0.0111215038382604,0.0101034131524925,0.882876039117382,TRUE
"M30","Pcap-VN30",3,238,184,0.000130124218110525,0.0126668671736069,0.0115959196864248,0.885897992759373,TRUE
"M30","Pcap-VN30",3,303,144,0.000160813393679903,0.0142063910785807,0.0128576311594576,0.880394838848585,TRUE
"M30","Pcap-VN30",3,385,112,0.000206507239139694,0.0157728401479508,0.0148622194605795,0.880930625829993,TRUE
"M30","Pcap-VN30",3,491,88,0.000304882146097261,0.0194076113779881,0.0176426736249608,0.890421228622328,FALSE
"M30","Pcap-VN30",3,625,70,0.000366884052858018,0.0212262236053694,0.0195359262093997,0.884753101619011,FALSE
"M30","Pcap-VN30",3,795,54,0.000451501378131482,0.0241381927394509,0.0214651772107817,0.871404606220313,FALSE
"M30","Pcap-VN30",3,1012,42,0.000560620638885716,0.0267408832103709,0.0241122894969551,0.869470568016107,FALSE
"M30","Pcap-VN30",3,1289,34,0.000740139689957797,0.0313109903272614,0.027194901974116,0.869219362777425,FALSE
"M30","Pcap-VN30",3,1641,26,0.00109132160935085,0.0375021479350697,0.0324813275885229,0.895906815750112,FALSE
"M30","Pcap-VN30",3,2089,20,0.00130757991978878,0.0407661621670165,0.0356901794352757,0.898710226153388,FALSE
"M30","Pcap-VN30",3,2659,16,0.00158011521929556,0.0453367742658767,0.0388050377958271,0.898152387576614,FALSE
"M30","Pcap-VN30",3,3385,12,0.00207775118420711,0.0510270508370139,0.0448799491457106,0.907278697221026,FALSE
"M30","Pcap-VN30",3,4309,10,0.00256351989334088,0.057112669954722,0.0510302692067573,0.879582072637871,FALSE
"M30","Pcap-VN30",3,5485,8,0.00322046718260164,0.0622130048768467,0.0575615516371467,0.899301271438126,FALSE
"M30","Pheur-VN30",1,5,8776,-5.20251552694263e-06,0.0240557906266272,0.00202869339920287,-0.106604940903944,TRUE
"M30","Pheur-VN30",1,6,7314,-5.29760636383153e-06,0.0271556325467534,0.00227871134121291,-0.0856111730532615,TRUE
"M30","Pheur-VN30",1,8,5484,-5.99241655395187e-06,0.0323364940371418,0.00268964320237707,-0.0688992337006842,TRUE
"M30","Pheur-VN30",1,10,4388,-7.05907773920974e-06,0.0366270927594094,0.00307163514407373,-0.0627445325911303,TRUE
"M30","Pheur-VN30",1,13,3374,-2.8036167734063e-06,0.0422049360828471,0.00355787504366145,-0.0186708767278191,TRUE
"M30","Pheur-VN30",1,17,2580,-3.00766565609318e-06,0.0487537192112502,0.00415381320560205,-0.0148516546635156,TRUE
"M30","Pheur-VN30",1,21,2088,-7.18299941685022e-08,0.0551757953583645,0.00471422982994396,-0.000276150909147165,TRUE
"M30","Pheur-VN30",1,27,1624,2.46393206176381e-06,0.0633126567773811,0.00550014494615117,0.00707561275279271,TRUE
"M30","Pheur-VN30",1,34,1290,9.65917235751211e-06,0.072283120883165,0.00616714756723295,0.0216679926704717,TRUE
"M30","Pheur-VN30",1,44,996,4.36583944822208e-06,0.0832305850412514,0.00701822548834765,0.00747407576120528,TRUE
"M30","Pheur-VN30",1,56,782,3.08486364574408e-05,0.0955254750369814,0.00799899970326741,0.0403720763383206,TRUE
"M30","Pheur-VN30",1,71,618,-4.70626793877414e-06,0.107334914752663,0.00877889989013848,-0.00499454047163853,TRUE
"M30","Pheur-VN30",1,91,482,3.70963567750911e-06,0.123402557929262,0.0104517687832662,0.00287618822633995,TRUE
"M30","Pheur-VN30",1,115,380,-9.13171536207408e-06,0.13588665574762,0.0114026127104683,-0.00589347141829756,TRUE
"M30","Pheur-VN30",1,147,298,6.18787575092319e-05,0.160720382805046,0.01319809038595,0.0291715515310309,TRUE
"M30","Pheur-VN30",1,187,234,8.79503369899745e-05,0.17951292876774,0.0148606105709127,0.0329689504538296,TRUE
"M30","Pheur-VN30",1,238,184,1.3204471943586e-05,0.201403633314,0.0172041695462948,0.00381083393007097,TRUE
"M30","Pheur-VN30",1,303,144,0.000173175727452789,0.237792519793734,0.0192990660095181,0.0377357112542603,TRUE
"M30","Pheur-VN30",1,385,112,0.000463499042172644,0.274148100799255,0.0220569878435611,0.0766509241927377,TRUE
"M30","Pheur-VN30",1,491,88,0.000688404153985442,0.313489441729724,0.0247233126797255,0.088820640855942,FALSE
"M30","Pheur-VN30",1,625,70,0.000751216634694891,0.352096691062823,0.0265341720802941,0.0804077132595676,FALSE
"M30","Pheur-VN30",1,795,54,0.00151536330391217,0.394688757362477,0.0320734157857986,0.119706241748216,FALSE
"M30","Pheur-VN30",1,1012,42,0.0027083315349058,0.425686543738264,0.0331602774614494,0.191864112351374,FALSE
"M30","Pheur-VN30",1,1289,34,0.00287123104357719,0.496306770552848,0.0368050913291446,0.157184617053925,FALSE
"M30","Pheur-VN30",1,1641,26,0.00345241941263442,0.568526549475793,0.0465162304779165,0.130547417727303,FALSE
"M30","Pheur-VN30",1,2089,20,0.00405860122111874,0.648860224941635,0.0505979328409299,0.123621057577807,FALSE
"M30","Pheur-VN30",1,2659,16,0.0100430625789028,0.721243626846713,0.054692459724616,0.254599018186459,FALSE
"M30","Pheur-VN30",1,3385,12,0.00067456227322633,0.782101111790826,0.0719703671612746,0.0119841000712185,FALSE
"M30","Pheur-VN30",1,4309,10,-0.0111954286520781,0.980838935501025,0.0860160907527924,-0.132697679485401,FALSE
"M30","Pheur-VN30",1,5485,8,-0.00551083053390824,0.99141398384231,0.10977433236869,-0.0506362122085834,FALSE
"M30","Pheur-VN30",2,5,8776,-3.11738560689435e-06,0.0173199301110889,0.00141964795866012,-0.126783789479895,TRUE
"M30","Pheur-VN30",2,6,7314,-3.82388779903591e-06,0.0205831892433897,0.00170040043558513,-0.109254986103053,TRUE
"M30","Pheur-VN30",2,8,5484,-4.95921302229486e-06,0.0249571495225317,0.00207377122107201,-0.0958201705597565,TRUE
"M30","Pheur-VN30",2,10,4388,-6.34108278366024e-06,0.0289995697831137,0.00246562878859319,-0.08868377587435,TRUE
"M30","Pheur-VN30",2,13,3374,-5.96055235434618e-06,0.0332170251788431,0.00275424549105296,-0.0651513057412183,TRUE
"M30","Pheur-VN30",2,17,2580,-5.48103434961315e-06,0.0387744446971834,0.00315613441112146,-0.0447879770106061,TRUE
"M30","Pheur-VN30",2,21,2088,-4.55989596719975e-06,0.0433846849188351,0.00359951035889183,-0.0291994760748319,TRUE
"M30","Pheur-VN30",2,27,1624,-2.16769974418434e-06,0.049013668283587,0.00423943611329889,-0.0104321500275841,TRUE
"M30","Pheur-VN30",2,34,1290,2.66215091563995e-06,0.0557537351765767,0.00484393385143636,0.00985735732901653,TRUE
"M30","Pheur-VN30",2,44,996,8.15678793411508e-06,0.0649971696093889,0.00559790612454291,0.0224181161563354,TRUE
"M30","Pheur-VN30",2,56,782,1.16570037497354e-05,0.0739503882548276,0.00639698965680883,0.0246417092612847,TRUE
"M30","Pheur-VN30",2,71,618,2.33290702331386e-06,0.0847877570703745,0.00720621029862482,0.0038181883815293,TRUE
"M30","Pheur-VN30",2,91,482,3.2061481663097e-05,0.0966314767733574,0.00812816521100916,0.0408199482234436,TRUE
"M30","Pheur-VN30",2,115,380,2.51201772020029e-05,0.110660356113842,0.00916624966038605,0.0247650354091886,TRUE
"M30","Pheur-VN30",2,147,298,4.95920753256079e-05,0.128079270963113,0.0106073316943255,0.036502893096199,TRUE
"M30","Pheur-VN30",2,187,234,-2.05635577581829e-06,0.140597503904499,0.0118216285460513,-0.00123720975548149,TRUE
"M30","Pheur-VN30",2,238,184,1.27373096718112e-05,0.159590421837833,0.0136462283797057,0.00584868524259908,TRUE
"M30","Pheur-VN30",2,303,144,-2.83106003410248e-05,0.179189504568013,0.0157774315187649,-0.0100138298169871,TRUE
"M30","Pheur-VN30",2,385,112,0.000194252918968665,0.214115825012589,0.017610521945236,0.051516524835458,TRUE
"M30","Pheur-VN30",2,491,88,0.000199655417016597,0.239085366065358,0.0194834474622789,0.042860999905003,FALSE
"M30","Pheur-VN30",2,625,70,4.31699892615833e-05,0.282212555557425,0.0228976288572859,0.00668059428108111,FALSE
"M30","Pheur-VN30",2,795,54,0.00042434359648196,0.321599935196249,0.0237723176876163,0.0555047530677862,FALSE
"M30","Pheur-VN30",2,1012,42,0.000736002407490116,0.360499848145326,0.0274832559662497,0.0742858276057971,FALSE
"M30","Pheur-VN30",2,1289,34,0.00167290987117059,0.399670119716596,0.0308257778430336,0.135786570284585,FALSE
"M30","Pheur-VN30",2,1641,26,0.00165386586084326,0.432529783896662,0.0362005326934699,0.105625627755769,FALSE
"M30","Pheur-VN30",2,2089,20,0.00233160576013157,0.490134039818319,0.0417176681073894,0.114030290196015,FALSE
"M30","Pheur-VN30",2,2659,16,0.0056083841508136,0.568563126010732,0.0450114235037118,0.219147396332026,FALSE
"M30","Pheur-VN30",2,3385,12,0.00195315043502211,0.665058840457183,0.0507208651324747,0.0579013875513692,FALSE
"M30","Pheur-VN30",2,4309,10,-0.00285040991829469,0.748595562724619,0.0588044703349027,-0.0647514844861045,FALSE
"M30","Pheur-VN30",2,5485,8,0.015800221346636,0.905799892052272,0.0741504062594687,0.235243358823978,FALSE
"M30","Pheur-VN30",3,5,8776,-7.63498957233315e-07,0.0113408726909834,0.000905075121561773,-0.0743836260873711,TRUE
"M30","Pheur-VN30",3,6,7314,-2.42411233899138e-06,0.0151533000327901,0.00128365648865233,-0.124622568944841,TRUE
"M30","Pheur-VN30",3,8,5484,-3.42515792595814e-06,0.0203444015337144,0.00167868266893127,-0.1002921808277,TRUE
"M30","Pheur-VN30",3,10,4388,-5.55494554369387e-06,0.0242751756601475,0.00207732552362897,-0.110157194665187,TRUE
"M30","Pheur-VN30",3,13,3374,-6.33905182515418e-06,0.0279812630595715,0.00233697112907925,-0.0969401395997991,TRUE
"M30","Pheur-VN30",3,17,2580,-5.91979497660047e-06,0.0327860645737411,0.00269481023335617,-0.0670022193085148,TRUE
"M30","Pheur-VN30",3,21,2088,-5.55900435669387e-06,0.0367110054707073,0.00300753817626039,-0.0503488535608209,TRUE
"M30","Pheur-VN30",3,27,1624,-3.13399930923901e-06,0.0421845644291995,0.00349538548850005,-0.0212544684540175,TRUE
"M30","Pheur-VN30",3,34,1290,-3.67974235354999e-06,0.04804273399587,0.00405840369579549,-0.0188727180866001,TRUE
"M30","Pheur-VN30",3,44,996,3.04442092602695e-06,0.0549426562699218,0.00472116977300543,0.0117366844508856,TRUE
"M30","Pheur-VN30",3,56,782,4.78191186760076e-06,0.0624406150149253,0.00540881162595697,0.0141589986121213,TRUE
"M30","Pheur-VN30",3,71,618,-1.5859836302498e-06,0.0720674352100159,0.0060682462451271,-0.0036265731200251,TRUE
"M30","Pheur-VN30",3,91,482,1.73532792389578e-05,0.0825028236290534,0.00692408943101229,0.0303773632395715,TRUE
"M30","Pheur-VN30",3,115,380,2.56981103129936e-05,0.0941851924464516,0.00782232189168215,0.0348805140082853,TRUE
"M30","Pheur-VN30",3,147,298,5.52205737592184e-05,0.109959104966104,0.00908758177823184,0.0552613368068203,TRUE
"M30","Pheur-VN30",3,187,234,3.45677185680818e-05,0.12271167258104,0.0101034131524925,0.0278815381648586,TRUE
"M30","Pheur-VN30",3,238,184,3.25069405598506e-05,0.138033432332301,0.0115959196864248,0.0203089098180445,TRUE
"M30","Pheur-VN30",3,303,144,5.95049423115776e-05,0.158302827404636,0.0128576311594576,0.0292350205555384,TRUE
"M30","Pheur-VN30",3,385,112,-0.000116812161202346,0.175489882373515,0.0148622194605795,-0.0447870343948664,TRUE
"M30","Pheur-VN30",3,491,88,0.000161377604060219,0.207661534543135,0.0176426736249608,0.0440476561911536,FALSE
"M30","Pheur-VN30",3,625,70,3.47941709048527e-05,0.232352365659332,0.0195359262093997,0.00766523347598162,FALSE
"M30","Pheur-VN30",3,795,54,0.000243445335214401,0.278344002439703,0.0214651772107817,0.040746012219393,FALSE
"M30","Pheur-VN30",3,1012,42,9.33075863370142e-05,0.310272164620821,0.0241122894969551,0.0124719881783567,FALSE
"M30","Pheur-VN30",3,1289,34,0.000753114368581817,0.364648527818496,0.027194901974116,0.0759449623750219,FALSE
"M30","Pheur-VN30",3,1641,26,0.00190724636688913,0.395668329894003,0.0324813275885229,0.148402676906864,FALSE
"M30","Pheur-VN30",3,2089,20,0.00206742414586464,0.423863247864864,0.0356901794352757,0.136664303129074,FALSE
"M30","Pheur-VN30",3,2659,16,0.00325051406191265,0.475612855360109,0.0388050377958271,0.176120680050423,FALSE
"M30","Pheur-VN30",3,3385,12,0.00350657869443705,0.510004811496877,0.0448799491457106,0.153199363266661,FALSE
"M30","Pheur-VN30",3,4309,10,0.00165127355126142,0.638978185360981,0.0510302692067573,0.0506413335695738,FALSE
"M30","Pheur-VN30",3,5485,8,0.00113225010309328,0.639315904762697,0.0575615516371467,0.0307676529154494,FALSE
"M30","Pratio-VN30",1,5,8776,-1.25920079114487e-07,0.000329130577249024,0.00202869339920287,-0.188586387017427,TRUE
"M30","Pratio-VN30",1,6,7314,-1.4175813265828e-07,0.000370874388791036,0.00227871134121291,-0.167738141298494,TRUE
"M30","Pratio-VN30",1,8,5484,-1.7873728892477e-07,0.000440975946560359,0.00268964320237707,-0.150697342305012,TRUE
"M30","Pratio-VN30",1,10,4388,-2.22891529018897e-07,0.000499285324505927,0.00307163514407373,-0.14533664631744,TRUE
"M30","Pratio-VN30",1,13,3374,-2.08946587746337e-07,0.000573252110687983,0.00355787504366145,-0.102446925529616,TRUE
"M30","Pratio-VN30",1,17,2580,-2.73807729798886e-07,0.000662049209757785,0.00415381320560205,-0.0995654062794673,TRUE
"M30","Pratio-VN30",1,21,2088,-3.01293638968888e-07,0.000748350818923993,0.00471422982994396,-0.0854031664158668,TRUE
"M30","Pratio-VN30",1,27,1624,-3.75507879743745e-07,0.000858272300228232,0.00550014494615117,-0.079546270683553,TRUE
"M30","Pratio-VN30",1,34,1290,-3.83438592142596e-07,0.000978544018187545,0.00616714756723295,-0.0635376451169792,TRUE
"M30","Pratio-VN30",1,44,996,-6.06615155497548e-07,0.0011280193913563,0.00701822548834765,-0.07662480342097,TRUE
"M30","Pratio-VN30",1,56,782,-4.47773855066931e-07,0.00129104285056687,0.00799899970326741,-0.0433593131913005,TRUE
"M30","Pratio-VN30",1,71,618,-1.10506916150076e-06,0.00145590152673939,0.00877889989013848,-0.0864604240914797,TRUE
"M30","Pratio-VN30",1,91,482,-1.42607478366969e-06,0.00167316311430458,0.0104517687832662,-0.081548171058856,TRUE
"M30","Pratio-VN30",1,115,380,-1.88041750067723e-06,0.00184365930282191,0.0114026127104683,-0.0894477131117161,TRUE
"M30","Pratio-VN30",1,147,298,-1.5177096209933e-06,0.00217401001655964,0.01319809038595,-0.0528951737700303,TRUE
"M30","Pratio-VN30",1,187,234,-1.79577068218289e-06,0.00242753427871212,0.0148606105709127,-0.0497793076896629,TRUE
"M30","Pratio-VN30",1,238,184,-3.82132663771788e-06,0.00273069173112479,0.0172041695462948,-0.0813406751087406,TRUE
"M30","Pratio-VN30",1,303,144,-2.69294125587308e-06,0.0032141448649606,0.0192990660095181,-0.0434135340985012,TRUE
"M30","Pratio-VN30",1,385,112,-3.10967634003707e-07,0.0036938211574446,0.0220569878435611,-0.00381674478601234,TRUE
"M30","Pratio-VN30",1,491,88,1.04272627050157e-06,0.00421979897267155,0.0247233126797255,0.00999474899289872,FALSE
"M30","Pratio-VN30",1,625,70,6.37219083754041e-07,0.00474270433061401,0.0265341720802941,0.00506357423926882,FALSE
"M30","Pratio-VN30",1,795,54,6.57645831784319e-06,0.00529923287972313,0.0320734157857986,0.038693129078723,FALSE
"M30","Pratio-VN30",1,1012,42,2.17394992513467e-05,0.00568356859908283,0.0331602774614494,0.115348054609812,FALSE
"M30","Pratio-VN30",1,1289,34,2.04947563459076e-05,0.00664682438863624,0.0368050913291446,0.0837761995636019,FALSE
"M30","Pratio-VN30",1,1641,26,1.74142707943972e-05,0.00762621508791951,0.0465162304779165,0.0490898528168101,FALSE
"M30","Pratio-VN30",1,2089,20,2.02492721476936e-05,0.00871029727398029,0.0505979328409299,0.0459455723231689,FALSE
"M30","Pratio-VN30",1,2659,16,9.52942880070938e-05,0.00958502224277366,0.054692459724616,0.181780079437816,FALSE
"M30","Pratio-VN30",1,3385,12,-6.0880521957394e-05,0.0106019455908314,0.0719703671612746,-0.0797882753616499,FALSE
"M30","Pratio-VN30",1,4309,10,-0.000251272209182144,0.0134581907035722,0.0860160907527924,-0.217059140599385,FALSE
"M30","Pratio-VN30",1,5485,8,-0.000237313303871485,0.0135537779423224,0.10977433236869,-0.159500083598848,FALSE
"M30","Pratio-VN30",2,5,8776,-6.9361774214345e-08,0.000237249114770703,0.00141964795866012,-0.20593726018747,TRUE
"M30","Pratio-VN30",2,6,7314,-9.07463551992852e-08,0.000281588788961695,0.00170040043558513,-0.189523305853184,TRUE
"M30","Pratio-VN30",2,8,5484,-1.25131266023133e-07,0.000341085640205402,0.00207377122107201,-0.176905591295557,TRUE
"M30","Pratio-VN30",2,10,4388,-1.67842874011987e-07,0.000396232170692341,0.00246562878859319,-0.171800918575606,TRUE
"M30","Pratio-VN30",2,13,3374,-1.8305921537034e-07,0.00045282800374258,0.00275424549105296,-0.146776211183988,TRUE
"M30","Pratio-VN30",2,17,2580,-2.08678036768656e-07,0.000527610923593611,0.00315613441112146,-0.125316273923623,TRUE
"M30","Pratio-VN30",2,21,2088,-2.36707038169407e-07,0.000589705992039904,0.00359951035889183,-0.111514721179617,TRUE
"M30","Pratio-VN30",2,27,1624,-2.7216838987791e-07,0.000665413153372122,0.00423943611329889,-0.0964802027937171,TRUE
"M30","Pratio-VN30",2,34,1290,-2.81101147349674e-07,0.000755621801159883,0.00484393385143636,-0.0767997727153499,TRUE
"M30","Pratio-VN30",2,44,996,-3.13239174641827e-07,0.000879897942014616,0.00559790612454291,-0.0635942951041402,TRUE
"M30","Pratio-VN30",2,56,782,-3.95464722176045e-07,0.00100093419589624,0.00639698965680883,-0.0617627425805796,TRUE
"M30","Pratio-VN30",2,71,618,-6.70221869833968e-07,0.00114953750334102,0.00720621029862482,-0.0809074509346815,TRUE
"M30","Pratio-VN30",2,91,482,-4.59533662587954e-07,0.00130596297241839,0.00812816521100916,-0.0432906338346454,TRUE
"M30","Pratio-VN30",2,115,380,-7.95943075933593e-07,0.00149746706874127,0.00916624966038605,-0.0579873212390738,TRUE
"M30","Pratio-VN30",2,147,298,-8.5031393047656e-07,0.00173149916471474,0.0106073316943255,-0.0462967876518451,TRUE
"M30","Pratio-VN30",2,187,234,-1.91630882085746e-06,0.00190686201367769,0.0118216285460513,-0.0850097858906044,TRUE
"M30","Pratio-VN30",2,238,184,-2.34434789799223e-06,0.00216341608281502,0.0136462283797057,-0.079408935033105,TRUE
"M30","Pratio-VN30",2,303,144,-3.74644803829051e-06,0.00243296698952235,0.0157774315187649,-0.0975994102007882,TRUE
"M30","Pratio-VN30",2,385,112,-1.565908563077e-06,0.00289097453432208,0.017610521945236,-0.0307574201369093,TRUE
"M30","Pratio-VN30",2,491,88,-2.43174046869265e-06,0.00323031715103291,0.0194834474622789,-0.0386372541180359,FALSE
"M30","Pratio-VN30",2,625,70,-6.50175737256732e-06,0.00382414360826676,0.0228976288572859,-0.0742516406366903,FALSE
"M30","Pratio-VN30",2,795,54,-1.90242013753477e-06,0.00433997097025749,0.0237723176876163,-0.0184394551524788,FALSE
"M30","Pratio-VN30",2,1012,42,-2.6117426871714e-07,0.00485815467610775,0.0274832559662497,-0.00195609916060338,FALSE
"M30","Pratio-VN30",2,1289,34,9.76593554126309e-06,0.00536027981255707,0.0308257778430336,0.0591033841284567,FALSE
"M30","Pratio-VN30",2,1641,26,4.64035559487415e-06,0.00581369672012403,0.0362005326934699,0.0220487477311659,FALSE
"M30","Pratio-VN30",2,2089,20,7.98973299003237e-06,0.00658299788155885,0.0417176681073894,0.0290930012625811,FALSE
"M30","Pratio-VN30",2,2659,16,4.84100768393411e-05,0.00757325433508987,0.0450114235037118,0.142013778271823,FALSE
"M30","Pratio-VN30",2,3385,12,-8.37099942881443e-06,0.00897369594513518,0.0507208651324747,-0.0183915913844769,FALSE
"M30","Pratio-VN30",2,4309,10,-8.52480764144129e-05,0.0101984585116634,0.0588044703349027,-0.142147659101584,FALSE
"M30","Pratio-VN30",2,5485,8,0.000139214989342326,0.0120442236042424,0.0741504062594687,0.155881168972756,FALSE
"M30","Pratio-VN30",3,5,8776,-2.13872353821193e-08,0.000154646091601225,0.000905075121561773,-0.152802715899102,TRUE
"M30","Pratio-VN30",3,6,7314,-5.5025333845481e-08,0.00020765005463584,0.00128365648865233,-0.20643427958383,TRUE
"M30","Pratio-VN30",3,8,5484,-8.4366427297827e-08,0.000278116036398739,0.00167868266893127,-0.180707018362473,TRUE
"M30","Pratio-VN30",3,10,4388,-1.33381063776176e-07,0.000332307677046728,0.00207732552362897,-0.193218739694728,TRUE
"M30","Pratio-VN30",3,13,3374,-1.59465570564248e-07,0.000382479237373573,0.00233697112907925,-0.178404464903019,TRUE
"M30","Pratio-VN30",3,17,2580,-1.78131886061947e-07,0.000446972892249513,0.00269481023335617,-0.147887781236626,TRUE
"M30","Pratio-VN30",3,21,2088,-1.973547105243e-07,0.000499790572187152,0.00300753817626039,-0.131295030501646,TRUE
"M30","Pratio-VN30",3,27,1624,-2.0745507068667e-07,0.000573013278876649,0.00349538548850005,-0.103577229262458,TRUE
"M30","Pratio-VN30",3,34,1290,-2.7230169502021e-07,0.000652567149364025,0.00405840369579549,-0.102818175384148,TRUE
"M30","Pratio-VN30",3,44,996,-2.60067137864888e-07,0.000744455861624258,0.00472116977300543,-0.0739940683552605,TRUE
"M30","Pratio-VN30",3,56,782,-3.30719750350425e-07,0.00084591782477823,0.00540881162595697,-0.0722819896806541,TRUE
"M30","Pratio-VN30",3,71,618,-5.19047115624509e-07,0.00097762410624103,0.0060682462451271,-0.0874926728736795,TRUE
"M30","Pratio-VN30",3,91,482,-4.1337362095617e-07,0.00111598334183225,0.00692408943101229,-0.0534961315997471,TRUE
"M30","Pratio-VN30",3,115,380,-4.79601462501817e-07,0.0012734715491132,0.00782232189168215,-0.0481454852949874,TRUE
"M30","Pratio-VN30",3,147,298,-3.69776902171801e-07,0.00148421687536075,0.00908758177823184,-0.027415368172987,TRUE
"M30","Pratio-VN30",3,187,234,-9.1231143489551e-07,0.00166007405708517,0.0101034131524925,-0.0543935674076355,TRUE
"M30","Pratio-VN30",3,238,184,-1.37781245908181e-06,0.00186870788986633,0.0115959196864248,-0.0635833622791816,TRUE
"M30","Pratio-VN30",3,303,144,-1.42991128218162e-06,0.00214119695119917,0.0128576311594576,-0.0519387523838991,TRUE
"M30","Pratio-VN30",3,385,112,-4.56346979993239e-06,0.00238891364490326,0.0148622194605795,-0.12853193916733,TRUE
"M30","Pratio-VN30",3,491,88,-2.02548514888489e-06,0.0028058550287991,0.0176426736249608,-0.0409165902251727,FALSE
"M30","Pratio-VN30",3,625,70,-4.68726016921087e-06,0.00314894953072197,0.0195359262093997,-0.0761937508858434,FALSE
"M30","Pratio-VN30",3,795,54,-2.93659294042088e-06,0.00376076018943055,0.0214651772107817,-0.0363775654950358,FALSE
"M30","Pratio-VN30",3,1012,42,-6.5958584612126e-06,0.00420144354116011,0.0241122894969551,-0.0651079987612849,FALSE
"M30","Pratio-VN30",3,1289,34,1.83130223555716e-07,0.00491344231378235,0.027194901974116,0.00137052406677692,FALSE
"M30","Pratio-VN30",3,1641,26,1.15163147837834e-05,0.00529952197112698,0.0324813275885229,0.0669026096756788,FALSE
"M30","Pratio-VN30",3,2089,20,1.07247699169361e-05,0.00568207465612485,0.0356901794352757,0.0528849766417915,FALSE
"M30","Pratio-VN30",3,2659,16,2.35767314428421e-05,0.00635582259204082,0.0388050377958271,0.0955924779214168,FALSE
"M30","Pratio-VN30",3,3385,12,2.01670892168824e-05,0.00682538799297259,0.0448799491457106,0.0658360125426502,FALSE
"M30","Pratio-VN30",3,4309,10,-1.28758392715514e-05,0.00862742684831284,0.0510302692067573,-0.0292459950216973,FALSE
"M30","Pratio-VN30",3,5485,8,-2.94739986773394e-05,0.00865045716206985,0.0575615516371467,-0.0591926124095254,FALSE
"M30","Pres-VN30",1,5,8776,-2.18506453783914e-08,0.000323404264600571,0.00202869339920287,-0.0333044380513222,TRUE
"M30","Pres-VN30",1,6,7314,-1.04568444894128e-08,0.000365648483825741,0.00227871134121291,-0.0125501107583554,TRUE
"M30","Pres-VN30",1,8,5484,4.19050766276585e-09,0.000435942761854264,0.00268964320237707,0.00357390081761896,TRUE
"M30","Pres-VN30",1,10,4388,1.56860433054377e-08,0.00049401043915123,0.00307163514407373,0.0103373127411137,TRUE
"M30","Pres-VN30",1,13,3374,1.11143143244001e-07,0.000571090943966785,0.00355787504366145,0.0546999224178473,TRUE
"M30","Pres-VN30",1,17,2580,1.62491337511235e-07,0.00065991995239619,0.00415381320560205,0.0592777883173046,TRUE
"M30","Pres-VN30",1,21,2088,2.60674718235182e-07,0.000747664252168762,0.00471422982994396,0.0739573846488822,TRUE
"M30","Pres-VN30",1,27,1624,3.89451948005571e-07,0.000858477687159704,0.00550014494615117,0.0824803953544565,TRUE
"M30","Pres-VN30",1,34,1290,5.78304420863313e-07,0.000981058555282913,0.00616714756723295,0.0955822484633051,TRUE
"M30","Pres-VN30",1,44,996,6.38888464949173e-07,0.00112838106568364,0.00701822548834765,0.0806755508588006,TRUE
"M30","Pres-VN30",1,56,782,1.17016356861876e-06,0.00129809800030239,0.00799899970326741,0.112694679108624,TRUE
"M30","Pres-VN30",1,71,618,8.43745563306317e-07,0.00145363037649629,0.00877889989013848,0.0661176510007538,TRUE
"M30","Pres-VN30",1,91,482,1.33621951080972e-06,0.0016724839829255,0.0104517687832662,0.0764409450972982,TRUE
"M30","Pres-VN30",1,115,380,1.40733492419268e-06,0.00184041217589743,0.0114026127104683,0.0670622304301193,TRUE
"M30","Pres-VN30",1,147,298,2.88695205562083e-06,0.0021819585311173,0.01319809038595,0.100249445890711,TRUE
"M30","Pres-VN30",1,187,234,3.78846405798408e-06,0.00243789070826024,0.0148606105709127,0.104571246722714,TRUE
"M30","Pres-VN30",1,238,184,3.66308709433891e-06,0.00272995897242571,0.0172041695462948,0.0779933205214377,TRUE
"M30","Pres-VN30",1,303,144,6.72515104404758e-06,0.00322996719338309,0.0192990660095181,0.10788663312388,TRUE
"M30","Pres-VN30",1,385,112,1.19912319041527e-05,0.00373358659463673,0.0220569878435611,0.14561005627049,TRUE
"M30","Pres-VN30",1,491,88,1.64989602012612e-05,0.00427203381280585,0.0247233126797255,0.156212301873583,FALSE
"M30","Pres-VN30",1,625,70,1.8440557278471e-05,0.00479329285347144,0.0265341720802941,0.144988827035605,FALSE
"M30","Pres-VN30",1,795,54,3.25888801301714e-05,0.00539186676203858,0.0320734157857986,0.188445196056859,FALSE
"M30","Pres-VN30",1,1012,42,4.95447407048421e-05,0.00583999038978889,0.0331602774614494,0.255839307960106,FALSE
"M30","Pres-VN30",1,1289,34,5.4748351360419e-05,0.00678843991449099,0.0368050913291446,0.219125624936362,FALSE
"M30","Pres-VN30",1,1641,26,7.21283867620613e-05,0.0077732480674164,0.0465162304779165,0.199479916401237,FALSE
"M30","Pres-VN30",1,2089,20,8.49867697214372e-05,0.00886173458249908,0.0505979328409299,0.189539534529331,FALSE
"M30","Pres-VN30",1,2659,16,0.000170933199531217,0.00992998681516744,0.054692459724616,0.314738807006243,FALSE
"M30","Pres-VN30",1,3385,12,7.00973095091808e-05,0.0106129313334452,0.0719703671612746,0.0917724395442733,FALSE
"M30","Pres-VN30",1,4309,10,-6.41825598247356e-05,0.0131584999111185,0.0860160907527924,-0.0567062530397606,FALSE
"M30","Pres-VN30",1,5485,8,6.74003873632372e-05,0.0133943412432695,0.10977433236869,0.0458395376878733,FALSE
"M30","Pres-VN30",2,5,8776,-1.83991616399315e-08,0.000232525196881656,0.00141964795866012,-0.0557374828483491,TRUE
"M30","Pres-VN30",2,6,7314,-1.76336632936077e-08,0.000276679750604575,0.00170040043558513,-0.0374812409054199,TRUE
"M30","Pres-VN30",2,8,5484,-1.63855779214704e-08,0.00033579894994302,0.00207377122107201,-0.0235299815496884,TRUE
"M30","Pres-VN30",2,10,4388,-1.41174344162008e-08,0.000390382858740152,0.00246562878859319,-0.0146668667571981,TRUE
"M30","Pres-VN30",2,13,3374,8.76156499865437e-09,0.000447935047539069,0.00275424549105296,0.00710172736929373,TRUE
"M30","Pres-VN30",2,17,2580,4.32064031369398e-08,0.000523630664161022,0.00315613441112146,0.0261437301368521,TRUE
"M30","Pres-VN30",2,21,2088,9.09180981783023e-08,0.000586571948794134,0.00359951035889183,0.0430611500652734,TRUE
"M30","Pres-VN30",2,27,1624,1.82303000755143e-07,0.000663703454072465,0.00423943611329889,0.0647905466966417,TRUE
"M30","Pres-VN30",2,34,1290,3.12215818076764e-07,0.000756142242224962,0.00484393385143636,0.0852419149924682,TRUE
"M30","Pres-VN30",2,44,996,4.79155560972591e-07,0.000882278781842052,0.00559790612454291,0.0970163847198842,TRUE
"M30","Pres-VN30",2,56,782,6.39300100485369e-07,0.00100400947757665,0.00639698965680883,0.0995385503990879,TRUE
"M30","Pres-VN30",2,71,618,6.42897546867386e-07,0.00114923693487843,0.00720621029862482,0.077629226965893,TRUE
"M30","Pres-VN30",2,91,482,1.21107759642624e-06,0.00131321866903001,0.00812816521100916,0.113459900853242,TRUE
"M30","Pres-VN30",2,115,380,1.32864002640988e-06,0.00150195796020011,0.00916624966038605,0.0965067905654827,TRUE
"M30","Pres-VN30",2,147,298,1.99481962910572e-06,0.00173983620203536,0.0106073316943255,0.10809089682619,TRUE
"M30","Pres-VN30",2,187,234,1.61751567810034e-06,0.00190487985917889,0.0118216285460513,0.0718296251314099,TRUE
"M30","Pres-VN30",2,238,184,2.364510488155e-06,0.0021635339125241,0.0136462283797057,0.0800875305221166,TRUE
"M30","Pres-VN30",2,303,144,2.54807702068394e-06,0.00242673147444764,0.0157774315187649,0.0665509906423591,TRUE
"M30","Pres-VN30",2,385,112,6.27623547846539e-06,0.00291150165531286,0.017610521945236,0.122408044575275,TRUE
"M30","Pres-VN30",2,491,88,7.16717061499462e-06,0.0032487985167275,0.0194834474622789,0.113229388014473,FALSE
"M30","Pres-VN30",2,625,70,6.75604016772045e-06,0.00382498421994121,0.0228976288572859,0.0771386552304708,FALSE
"M30","Pres-VN30",2,795,54,1.23876187315649e-05,0.00437040993465666,0.0237723176876163,0.119232357193301,FALSE
"M30","Pres-VN30",2,1012,42,1.8838533594265e-05,0.00490626385606993,0.0274832559662497,0.139710166639022,FALSE
"M30","Pres-VN30",2,1289,34,3.37939811475411e-05,0.00546205837178263,0.0308257778430336,0.200709983965032,FALSE
"M30","Pres-VN30",2,1641,26,3.77778968728295e-05,0.00590522503722105,0.0362005326934699,0.176720268634736,FALSE
"M30","Pres-VN30",2,2089,20,5.19976090221646e-05,0.00669721858338658,0.0417176681073894,0.186109642914772,FALSE
"M30","Pres-VN30",2,2659,16,9.96414333088316e-05,0.00781651455929357,0.0450114235037118,0.283207060962131,FALSE
"M30","Pres-VN30",2,3385,12,5.66814515914883e-05,0.00904150572481869,0.0507208651324747,0.123598599461936,FALSE
"M30","Pres-VN30",2,4309,10,2.19210385336033e-06,0.0100949667281541,0.0588044703349027,0.00369271585463067,FALSE
"M30","Pres-VN30",2,5485,8,0.000278247840456467,0.0124747559451068,0.0741504062594687,0.300805802634043,FALSE
"M30","Pres-VN30",3,5,8776,-6.73443243823996e-10,0.000152831849407886,0.000905075121561773,-0.00486858217270895,TRUE
"M30","Pres-VN30",3,6,7314,-1.33587399229744e-08,0.000203443714050907,0.00128365648865233,-0.0511531518903129,TRUE
"M30","Pres-VN30",3,8,5484,-1.31094209791474e-08,0.000273648857786735,0.00167868266893127,-0.0285378508363749,TRUE
"M30","Pres-VN30",3,10,4388,-2.42622908292793e-08,0.000326254698821052,0.00207732552362897,-0.0357989650879001,TRUE
"M30","Pres-VN30",3,13,3374,-2.13644973716516e-08,0.00037645423395473,0.00233697112907925,-0.0242843870856354,TRUE
"M30","Pres-VN30",3,17,2580,5.49942502096606e-09,0.000442062754838112,0.00269481023335617,0.00461641848749588,TRUE
"M30","Pres-VN30",3,21,2088,3.13697736114183e-08,0.000495573831138405,0.00300753817626039,0.0210470809012556,TRUE
"M30","Pres-VN30",3,27,1624,1.01489464099694e-07,0.0005706704025544,0.00349538548850005,0.0508792301804435,TRUE
"M30","Pres-VN30",3,34,1290,1.44184728328862e-07,0.000650080181617443,0.00405840369579549,0.0546508715587228,TRUE
"M30","Pres-VN30",3,44,996,3.03557014330046e-07,0.000745194096068788,0.00472116977300543,0.0862822077773987,TRUE
"M30","Pres-VN30",3,56,782,4.09045747157281e-07,0.00084708769561722,0.00540881162595697,0.0892774242290272,TRUE
"M30","Pres-VN30",3,71,618,4.12096673672981e-07,0.000976239970782199,0.0060682462451271,0.0695631641242626,TRUE
"M30","Pres-VN30",3,91,482,7.98941986437641e-07,0.00112034304143605,0.00692408943101229,0.102991540798717,TRUE
"M30","Pres-VN30",3,115,380,1.06765293598108e-06,0.00127929652781127,0.00782232189168215,0.106689872015555,TRUE
"M30","Pres-VN30",3,147,298,1.71849489549339e-06,0.00149566179976524,0.00908758177823184,0.126434767071899,TRUE
"M30","Pres-VN30",3,187,234,1.66891785535126e-06,0.00166582648418705,0.0101034131524925,0.0991601296594199,TRUE
"M30","Pres-VN30",3,238,184,2.02235852356721e-06,0.00187306368102676,0.0115959196864248,0.0931108750419644,TRUE
"M30","Pres-VN30",3,303,144,2.7504352623531e-06,0.00214898020916747,0.0128576311594576,0.0995423864011764,TRUE
"M30","Pres-VN30",3,385,112,1.02197416429414e-06,0.00237009620809922,0.0148622194605795,0.0290128419040633,TRUE
"M30","Pres-VN30",3,491,88,5.84531997035923e-06,0.00282301488840654,0.0176426736249608,0.117362869814684,FALSE
"M30","Pres-VN30",3,625,70,4.963429968434e-06,0.00315005818057409,0.0195359262093997,0.0806546326009982,FALSE
"M30","Pres-VN30",3,795,54,8.71430279403755e-06,0.00378013436449883,0.0214651772107817,0.107396698508957,FALSE
"M30","Pres-VN30",3,1012,42,8.10583142696745e-06,0.00420598501007402,0.0241122894969551,0.0799266108609705,FALSE
"M30","Pres-VN30",3,1289,34,1.88841528051274e-05,0.00496226380210716,0.027194901974116,0.139936226911951,FALSE
"M30","Pres-VN30",3,1641,26,3.81945994530377e-05,0.00541682129079937,0.0324813275885229,0.217081933246479,FALSE
"M30","Pres-VN30",3,2089,20,4.29345546290639e-05,0.00580024430740951,0.0356901794352757,0.207401524475461,FALSE
"M30","Pres-VN30",3,2659,16,6.16540695885702e-05,0.00652316469212733,0.0388050377958271,0.243565231758186,FALSE
"M30","Pres-VN30",3,3385,12,7.10995983218647e-05,0.00699240624202939,0.0448799491457106,0.226562557888053,FALSE
"M30","Pres-VN30",3,4309,10,5.29726897942844e-05,0.0086859891122397,0.0510302692067573,0.119510175894779,FALSE
"M30","Pres-VN30",3,5485,8,5.43088926847442e-05,0.00868667940174712,0.0575615516371467,0.108613713454621,FALSE
"H1","VN30-VNINDEX",1,5,5408,6.51559714936804e-06,0.00266344031461813,0.00256164892620942,0.95497421635792,TRUE
"H1","VN30-VNINDEX",1,6,4506,8.04369272342264e-06,0.00296319195739742,0.00284078098972774,0.955559935570571,TRUE
"H1","VN30-VNINDEX",1,8,3380,1.19995743222106e-05,0.00360323029934347,0.00346674130092683,0.960621681853813,TRUE
"H1","VN30-VNINDEX",1,10,2704,1.62816002739523e-05,0.00419061653730141,0.00403416282755555,0.963087491839914,TRUE
"H1","VN30-VNINDEX",1,12,2252,2.0782870220839e-05,0.0047278328949119,0.00455403891140806,0.965265247551252,TRUE
"H1","VN30-VNINDEX",1,15,1802,2.70433836376358e-05,0.00538665386865867,0.00519833580541619,0.965778711991849,TRUE
"H1","VN30-VNINDEX",1,19,1422,3.38298548907458e-05,0.00603951837124564,0.00580323982262618,0.965222217262416,TRUE
"H1","VN30-VNINDEX",1,24,1126,4.31299926589602e-05,0.006809809943055,0.00656678518636156,0.964476350970031,TRUE
"H1","VN30-VNINDEX",1,30,900,5.48352309137552e-05,0.00766722457329966,0.00741551456798875,0.964451072282212,TRUE
"H1","VN30-VNINDEX",1,38,710,6.96140533108908e-05,0.00864006402613455,0.00834773982744037,0.965186092997693,TRUE
"H1","VN30-VNINDEX",1,47,574,8.9643158876468e-05,0.00978003049893941,0.00949680554483004,0.965160183392887,TRUE
"H1","VN30-VNINDEX",1,59,458,0.000113965606377963,0.0110022913898778,0.0107291841912011,0.965437050644933,TRUE
"H1","VN30-VNINDEX",1,74,364,0.000142378532396694,0.0123542925340384,0.0119353540955277,0.965586806965526,TRUE
"H1","VN30-VNINDEX",1,93,290,0.000184640004460659,0.0140468918713558,0.0135950044047048,0.966865825238799,TRUE
"H1","VN30-VNINDEX",1,116,232,0.000237488312200823,0.0159075120358008,0.0154396643152673,0.966945789709889,TRUE
"H1","VN30-VNINDEX",1,145,186,0.000309856755010268,0.0180685557132059,0.0177190615724448,0.967824945856156,TRUE
"H1","VN30-VNINDEX",1,182,148,0.000389076076875541,0.0201922148613209,0.0199011990611103,0.968213927550569,TRUE
"H1","VN30-VNINDEX",1,228,118,0.000489153583130757,0.0225777366611831,0.0224302958523216,0.965894813287383,TRUE
"H1","VN30-VNINDEX",1,285,94,0.000590748896800141,0.0248188317659315,0.0246715995021292,0.964771082333193,FALSE
"H1","VN30-VNINDEX",1,357,74,0.000869205909047721,0.0299872498689642,0.0298820128468518,0.970009937508329,FALSE
"H1","VN30-VNINDEX",1,447,60,0.000937666275028174,0.0310648968683234,0.03120913130138,0.967156376660863,FALSE
"H1","VN30-VNINDEX",1,560,48,0.00131267643519459,0.0367806075761058,0.0366926682263481,0.972656505584349,FALSE
"H1","VN30-VNINDEX",1,701,38,0.00154616268652763,0.0395709904892623,0.0401982655988067,0.97201048983924,FALSE
"H1","VN30-VNINDEX",1,878,30,0.001912954997334,0.0441617910023378,0.0446444512899036,0.970265491716487,FALSE
"H1","VN30-VNINDEX",1,1099,24,0.00221181396208164,0.0480222644656631,0.0476501304555638,0.966589039253792,FALSE
"H1","VN30-VNINDEX",1,1376,18,0.00252442430180938,0.0505066845785274,0.0514409093489434,0.971638811571882,FALSE
"H1","VN30-VNINDEX",1,1723,14,0.00392077498948751,0.0654895541493282,0.0623132497291649,0.960770112054006,FALSE
"H1","VN30-VNINDEX",1,2156,12,0.00530641279698797,0.0762355938586846,0.0716783999168956,0.97107984865857,FALSE
"H1","VN30-VNINDEX",1,2700,10,0.00606469097382458,0.084787543206468,0.0744821249612522,0.960339000487353,FALSE
"H1","VN30-VNINDEX",1,3380,8,0.00990410378020943,0.106852538230951,0.0946834758529307,0.978940163204732,FALSE
"H1","VN30-VNINDEX",2,5,5408,2.94017730512416e-06,0.00179772855145398,0.00172297704360737,0.949226630849049,TRUE
"H1","VN30-VNINDEX",2,6,4506,4.08746330543841e-06,0.00212195952532183,0.00202769083924537,0.949981246384008,TRUE
"H1","VN30-VNINDEX",2,8,3380,6.45540710790177e-06,0.00265643229054982,0.00255068362811013,0.952726599880048,TRUE
"H1","VN30-VNINDEX",2,10,2704,8.88440343300027e-06,0.00311580415302111,0.00298099823985535,0.956525163994431,TRUE
"H1","VN30-VNINDEX",2,12,2252,1.1428393581916e-05,0.00351468961445093,0.00338816990610528,0.95969455289197,TRUE
"H1","VN30-VNINDEX",2,15,1802,1.53154320205221e-05,0.00405368817534341,0.00392393248536861,0.962847234827645,TRUE
"H1","VN30-VNINDEX",2,19,1422,2.08945254868198e-05,0.00473794200988582,0.00457002370849633,0.964993346182779,TRUE
"H1","VN30-VNINDEX",2,24,1126,2.73260050025952e-05,0.00541384102213043,0.00522828995189143,0.965408193030774,TRUE
"H1","VN30-VNINDEX",2,30,900,3.38385120229519e-05,0.0060282319216087,0.00581934163212726,0.964600430567236,TRUE
"H1","VN30-VNINDEX",2,38,710,4.40388037385616e-05,0.00687649238266814,0.00663010671079517,0.965935280303319,TRUE
"H1","VN30-VNINDEX",2,47,574,5.69040249971755e-05,0.00780399352691512,0.00754574685655652,0.966326422016308,TRUE
"H1","VN30-VNINDEX",2,59,458,7.00200989025783e-05,0.00866160619765739,0.00839089933571702,0.963420258719097,TRUE
"H1","VN30-VNINDEX",2,74,364,8.66122144545599e-05,0.00964643520014956,0.00932177730880063,0.963193554173967,TRUE
"H1","VN30-VNINDEX",2,93,290,0.000111480327387982,0.0109114166230803,0.01059882154841,0.963961118569715,TRUE
"H1","VN30-VNINDEX",2,116,232,0.000149146275719452,0.0126277496727535,0.0122076180089088,0.9675101235461,TRUE
"H1","VN30-VNINDEX",2,145,186,0.000186245472504451,0.014087107203096,0.0136654996253895,0.967471966990715,TRUE
"H1","VN30-VNINDEX",2,182,148,0.000247377199299051,0.0162380107706306,0.0157261066894801,0.968736415495494,TRUE
"H1","VN30-VNINDEX",2,228,118,0.000304436712275648,0.0180009833201203,0.0174841846581963,0.967287129273217,TRUE
"H1","VN30-VNINDEX",2,285,94,0.000397105369358443,0.0203798070715402,0.0201523218562157,0.966897862595255,FALSE
"H1","VN30-VNINDEX",2,357,74,0.000467368896893891,0.0221804728974451,0.0218508526213604,0.964318764950826,FALSE
"H1","VN30-VNINDEX",2,447,60,0.000574913755517116,0.024384079208013,0.0245100295062039,0.961950014063657,FALSE
"H1","VN30-VNINDEX",2,560,48,0.000825350812626296,0.0292890496716565,0.0290440559325267,0.970232991649789,FALSE
"H1","VN30-VNINDEX",2,701,38,0.00102060178837493,0.0325921484645537,0.0322839521708147,0.969966286998427,FALSE
"H1","VN30-VNINDEX",2,878,30,0.00126173722791731,0.0359451750489727,0.03610298532116,0.972266225498978,FALSE
"H1","VN30-VNINDEX",2,1099,24,0.00155504409436487,0.039485840953208,0.0404597627326757,0.97337006262397,FALSE
"H1","VN30-VNINDEX",2,1376,18,0.00192627145208395,0.0442999695102397,0.0447478067160332,0.971722608841134,FALSE
"H1","VN30-VNINDEX",2,1723,14,0.00203445311932705,0.0455700061162282,0.0463460641060478,0.963287094231551,FALSE
"H1","VN30-VNINDEX",2,2156,12,0.00262807256624282,0.0511426054772431,0.0532312368812266,0.965356990214832,FALSE
"H1","VN30-VNINDEX",2,2700,10,0.00223475045357469,0.0482008743724276,0.0491444220444091,0.943408718874689,FALSE
"H1","VN30-VNINDEX",2,3380,8,0.00545810344472799,0.0786803289299976,0.0713712363854674,0.971968913917095,FALSE
"H1","VN30-VNINDEX",3,5,5408,1.24487567764772e-06,0.00117292005121465,0.00111729865915468,0.949922760252091,TRUE
"H1","VN30-VNINDEX",3,6,4506,2.21026763385174e-06,0.00156387759204584,0.00149407363225352,0.945954191538658,TRUE
"H1","VN30-VNINDEX",3,8,3380,4.16981974516788e-06,0.00213931276405828,0.00205060383228159,0.95051994557118,TRUE
"H1","VN30-VNINDEX",3,10,2704,5.80429457209644e-06,0.00252397830224143,0.00241573918882425,0.951949222197395,TRUE
"H1","VN30-VNINDEX",3,12,2252,7.41230229146579e-06,0.0028447448983351,0.00273177543091734,0.953816433225786,TRUE
"H1","VN30-VNINDEX",3,15,1802,1.03259027804564e-05,0.00334573474226966,0.00321984394876286,0.958521153626914,TRUE
"H1","VN30-VNINDEX",3,19,1422,1.4479287990583e-05,0.0039493090653706,0.00380849552622116,0.962659352222497,TRUE
"H1","VN30-VNINDEX",3,24,1126,1.92537092318061e-05,0.0045500429213369,0.00438815636809736,0.964310333162116,TRUE
"H1","VN30-VNINDEX",3,30,900,2.37619490622265e-05,0.00505536066430049,0.00488121187605999,0.962946716084449,TRUE
"H1","VN30-VNINDEX",3,38,710,3.21500000575361e-05,0.00586659596579201,0.00567533473402098,0.965613474132123,TRUE
"H1","VN30-VNINDEX",3,47,574,3.96435559915179e-05,0.00652059332263636,0.00630528756667,0.964229890389969,TRUE
"H1","VN30-VNINDEX",3,59,458,5.20103262959244e-05,0.00746627203871799,0.00722127961787572,0.964654083160977,TRUE
"H1","VN30-VNINDEX",3,74,364,6.29379151577138e-05,0.0081961250121465,0.00797348950998066,0.963064449304967,TRUE
"H1","VN30-VNINDEX",3,93,290,8.36360478326858e-05,0.00947327015650083,0.00915037918920253,0.964838196605008,TRUE
"H1","VN30-VNINDEX",3,116,232,9.72395427567765e-05,0.0102185131117509,0.00988647573047863,0.96252872005994,TRUE
"H1","VN30-VNINDEX",3,145,186,0.000125244563892891,0.0115771929809119,0.011222887048509,0.963942259309069,TRUE
"H1","VN30-VNINDEX",3,182,148,0.000164718932464287,0.013328522305915,0.0127954766809302,0.965839685427133,TRUE
"H1","VN30-VNINDEX",3,228,118,0.000226509866393733,0.0155585179287928,0.0150507198245038,0.967300980515626,TRUE
"H1","VN30-VNINDEX",3,285,94,0.000287660461315112,0.0175227092145568,0.0169448858701448,0.968813697754011,FALSE
"H1","VN30-VNINDEX",3,357,74,0.000364221203313722,0.0195852760940571,0.0192174537714696,0.967697639428519,FALSE
"H1","VN30-VNINDEX",3,447,60,0.000428303192069597,0.0211976184348425,0.0209917854812864,0.962531300304575,FALSE
"H1","VN30-VNINDEX",3,560,48,0.00056635717412293,0.024281811871599,0.0241521419849171,0.965725419717061,FALSE
"H1","VN30-VNINDEX",3,701,38,0.000695468456452781,0.0268832739946575,0.0268249884733382,0.964396742057164,FALSE
"H1","VN30-VNINDEX",3,878,30,0.00101004142300176,0.0321640203350052,0.0322912720060474,0.972486775315188,FALSE
"H1","VN30-VNINDEX",3,1099,24,0.00110131314491938,0.0335652126509676,0.0337921247834885,0.970970241221884,FALSE
"H1","VN30-VNINDEX",3,1376,18,0.00139960294156379,0.0375939363736508,0.0383493362532317,0.970798715195872,FALSE
"H1","VN30-VNINDEX",3,1723,14,0.0016423060373088,0.0410507228119672,0.0413299087409831,0.967985461599679,FALSE
"H1","VN30-VNINDEX",3,2156,12,0.00196313052443869,0.0442880178770971,0.0456969915233233,0.970008015621976,FALSE
"H1","VN30-VNINDEX",3,2700,10,0.00221086554516196,0.0477043409760881,0.048509931449033,0.955374774516058,FALSE
"H1","VN30-VNINDEX",3,3380,8,0.0034111410663831,0.0604227797889503,0.0581881566596356,0.970206944887822,FALSE
"H1","VN30-VN100",1,5,5408,6.86776301303071e-06,0.00266344031461813,0.00261179817066588,0.987262674793697,TRUE
"H1","VN30-VN100",1,6,4506,8.47396083906281e-06,0.00296319195739742,0.00289749374962033,0.986970469467137,TRUE
"H1","VN30-VN100",1,8,3380,1.2624504260917e-05,0.00360323029934347,0.00354716995519172,0.987734709041576,TRUE
"H1","VN30-VN100",1,10,2704,1.71295944973363e-05,0.00419061653730141,0.0041357886087489,0.988350137434411,TRUE
"H1","VN30-VN100",1,12,2252,2.18172232922465e-05,0.0047278328949119,0.00466662713723213,0.988858739764256,TRUE
"H1","VN30-VN100",1,15,1802,2.84105530658467e-05,0.00538665386865867,0.00533288043885185,0.989005646737346,TRUE
"H1","VN30-VN100",1,19,1422,3.56212558077596e-05,0.00603951837124564,0.00596469223233897,0.988823729180175,TRUE
"H1","VN30-VN100",1,24,1126,4.54688111642582e-05,0.006809809943055,0.00675664138494282,0.988206574775198,TRUE
"H1","VN30-VN100",1,30,900,5.74873550110241e-05,0.00766722457329966,0.00758699996866917,0.988243715048761,TRUE
"H1","VN30-VN100",1,38,710,7.31990460530311e-05,0.00864006402613455,0.00857623051038172,0.987852299433012,TRUE
"H1","VN30-VN100",1,47,574,9.37746407354045e-05,0.00978003049893941,0.00970351000019484,0.988135135800091,TRUE
"H1","VN30-VN100",1,59,458,0.000119190238851377,0.0110022913898778,0.0109638357609625,0.988086637491275,TRUE
"H1","VN30-VN100",1,74,364,0.000149222033550207,0.0123542925340384,0.0122193056524441,0.988481498768701,TRUE
"H1","VN30-VN100",1,93,290,0.000193256739198873,0.0140468918713558,0.0139182385475808,0.988485111546344,TRUE
"H1","VN30-VN100",1,116,232,0.000249077615376564,0.0159075120358008,0.015836988103177,0.988689332252697,TRUE
"H1","VN30-VN100",1,145,186,0.000320841617091118,0.0180685557132059,0.0179612262498986,0.988624283702982,TRUE
"H1","VN30-VN100",1,182,148,0.000399713240870204,0.0201922148613209,0.0200461715407738,0.987490971583478,TRUE
"H1","VN30-VN100",1,228,118,0.000499334957355591,0.0225777366611831,0.0223994429838265,0.987357317522654,TRUE
"H1","VN30-VN100",1,285,94,0.00060631250273249,0.0248188317659315,0.0247831177929188,0.985732890316542,FALSE
"H1","VN30-VN100",1,357,74,0.000888715829879413,0.0299872498689642,0.0300100364296184,0.987551504277478,FALSE
"H1","VN30-VN100",1,447,60,0.00095622027087789,0.0310648968683234,0.0311807292061348,0.987192307005711,FALSE
"H1","VN30-VN100",1,560,48,0.00135526208363026,0.0367806075761058,0.0372451148774378,0.989316086825016,FALSE
"H1","VN30-VN100",1,701,38,0.00155699013845656,0.0395709904892623,0.0397803444769003,0.989100454023977,FALSE
"H1","VN30-VN100",1,878,30,0.00191624979858093,0.0441617910023378,0.0438982974208629,0.988456968543077,FALSE
"H1","VN30-VN100",1,1099,24,0.00222936778258096,0.0480222644656631,0.0470657409266585,0.986357124018391,FALSE
"H1","VN30-VN100",1,1376,18,0.00254824340402483,0.0505066845785274,0.051211257544199,0.985205000048162,FALSE
"H1","VN30-VN100",1,1723,14,0.00416534821578687,0.0654895541493282,0.0645268981861023,0.985685778767359,FALSE
"H1","VN30-VN100",1,2156,12,0.00565091374439062,0.0762355938586846,0.0750342453025321,0.987873582595615,FALSE
"H1","VN30-VN100",1,2700,10,0.0068234788130598,0.084787543206468,0.081445789124165,0.988109695082013,FALSE
"H1","VN30-VN100",1,3380,8,0.0110462046916753,0.106852538230951,0.104342801042941,0.990753813302961,FALSE
"H1","VN30-VN100",2,5,5408,3.1135710963347e-06,0.00179772855145398,0.0017575211353692,0.985448912724795,TRUE
"H1","VN30-VN100",2,6,4506,4.31949466038939e-06,0.00212195952532183,0.00206528087102301,0.985636375710831,TRUE
"H1","VN30-VN100",2,8,3380,6.81647094264548e-06,0.00265643229054982,0.0026019353932718,0.986198478811054,TRUE
"H1","VN30-VN100",2,10,2704,9.38251055173631e-06,0.00311580415302111,0.0030506250653238,0.987097553125195,TRUE
"H1","VN30-VN100",2,12,2252,1.19970784637682e-05,0.00351468961445093,0.0034570955920348,0.987363646025614,TRUE
"H1","VN30-VN100",2,15,1802,1.60764415884679e-05,0.00405368817534341,0.00401296475766247,0.98826688470847,TRUE
"H1","VN30-VN100",2,19,1422,2.19330573613942e-05,0.00473794200988582,0.00468131467142224,0.988875458287498,TRUE
"H1","VN30-VN100",2,24,1126,2.86723130953124e-05,0.00541384102213043,0.00535580773937391,0.988854179308334,TRUE
"H1","VN30-VN100",2,30,900,3.55357515769782e-05,0.0060282319216087,0.00596525539135081,0.988203780132329,TRUE
"H1","VN30-VN100",2,38,710,4.63273378821685e-05,0.00687649238266814,0.00681492536696463,0.988574206116531,TRUE
"H1","VN30-VN100",2,47,574,5.96437946865146e-05,0.00780399352691512,0.00773084745081026,0.988601493984633,TRUE
"H1","VN30-VN100",2,59,458,7.35239304576685e-05,0.00866160619765739,0.00859227690206114,0.987920543524762,TRUE
"H1","VN30-VN100",2,74,364,9.08847709757606e-05,0.00964643520014956,0.00953735094059528,0.98786250649858,TRUE
"H1","VN30-VN100",2,93,290,0.000116510937787831,0.0109114166230803,0.0108111658938047,0.987672650417902,TRUE
"H1","VN30-VN100",2,116,232,0.000155949372897307,0.0126277496727535,0.01249252275048,0.988570211264015,TRUE
"H1","VN30-VN100",2,145,186,0.000194834560512139,0.014087107203096,0.0139853896593689,0.988939230723682,TRUE
"H1","VN30-VN100",2,182,148,0.000258377778953256,0.0162380107706306,0.0160877329557569,0.989071042132201,TRUE
"H1","VN30-VN100",2,228,118,0.000318644464119422,0.0180009833201203,0.0179130170848123,0.988192169497488,TRUE
"H1","VN30-VN100",2,285,94,0.000407713801701644,0.0203798070715402,0.0202515365141878,0.987864469497991,FALSE
"H1","VN30-VN100",2,357,74,0.000483133716205312,0.0221804728974451,0.0220767158160139,0.986647632172515,FALSE
"H1","VN30-VN100",2,447,60,0.000590203524470109,0.024384079208013,0.0245659976352947,0.985283097404155,FALSE
"H1","VN30-VN100",2,560,48,0.000846022612125107,0.0292890496716565,0.0292120196110915,0.988815138533398,FALSE
"H1","VN30-VN100",2,701,38,0.00105020156091231,0.0325921484645537,0.0326044914705875,0.988285079084807,FALSE
"H1","VN30-VN100",2,878,30,0.00127989469606878,0.0359451750489727,0.0360126918437833,0.988730773801882,FALSE
"H1","VN30-VN100",2,1099,24,0.00154575334915309,0.039485840953208,0.039573152648471,0.989231993989371,FALSE
"H1","VN30-VN100",2,1376,18,0.00195249007934314,0.0442999695102397,0.0446302928409242,0.98754222044305,FALSE
"H1","VN30-VN100",2,1723,14,0.00205440287723424,0.0455700061162282,0.0457845965531801,0.98466190515728,FALSE
"H1","VN30-VN100",2,2156,12,0.00258583714206015,0.0511426054772431,0.0513574033562456,0.984498960940918,FALSE
"H1","VN30-VN100",2,2700,10,0.00223969513455136,0.0482008743724276,0.0476456800025247,0.97523765259733,FALSE
"H1","VN30-VN100",2,3380,8,0.0058690115664526,0.0786803289299976,0.0755890721392286,0.986824184023398,FALSE
"H1","VN30-VN100",3,5,5408,1.31966354842978e-06,0.00117292005121465,0.00114183793209125,0.985349598380566,TRUE
"H1","VN30-VN100",3,6,4506,2.34086700578105e-06,0.00156387759204584,0.00151997107071394,0.984778733268648,TRUE
"H1","VN30-VN100",3,8,3380,4.41060453715523e-06,0.00213931276405828,0.00209130918842378,0.985838085197962,TRUE
"H1","VN30-VN100",3,10,2704,6.13352509820706e-06,0.00252397830224143,0.00246455771394566,0.986019575034663,TRUE
"H1","VN30-VN100",3,12,2252,7.80665303325546e-06,0.0028447448983351,0.00278255165668907,0.986230239896494,TRUE
"H1","VN30-VN100",3,15,1802,1.085274280957e-05,0.00334573474226966,0.00328483930352678,0.987492660848031,TRUE
"H1","VN30-VN100",3,19,1422,1.5200872184701e-05,0.0039493090653706,0.00389431740263283,0.988362000578587,TRUE
"H1","VN30-VN100",3,24,1126,2.02274183435647e-05,0.0045500429213369,0.00449646559284748,0.988675309831255,TRUE
"H1","VN30-VN100",3,30,900,2.49589438867611e-05,0.00505536066430049,0.00499602105068247,0.988211264779945,TRUE
"H1","VN30-VN100",3,38,710,3.3729725053894e-05,0.00586659596579201,0.00581419028505567,0.988865853850791,TRUE
"H1","VN30-VN100",3,47,574,4.17406909404749e-05,0.00652059332263636,0.00647805960037653,0.988160704199809,TRUE
"H1","VN30-VN100",3,59,458,5.45840114428105e-05,0.00746627203871799,0.00739779594017692,0.988232863096284,TRUE
"H1","VN30-VN100",3,74,364,6.58731587913294e-05,0.0081961250121465,0.0081401333200574,0.987343787181661,TRUE
"H1","VN30-VN100",3,93,290,8.80141450089826e-05,0.00947327015650083,0.00940224330626365,0.988145885078356,TRUE
"H1","VN30-VN100",3,116,232,0.000102098494149646,0.0102185131117509,0.0101196694762078,0.987336749639794,TRUE
"H1","VN30-VN100",3,145,186,0.000131545831502562,0.0115771929809119,0.0115000306159109,0.988040669512007,TRUE
"H1","VN30-VN100",3,182,148,0.000173328135824763,0.013328522305915,0.0131542262089361,0.98860261975813,TRUE
"H1","VN30-VN100",3,228,118,0.000237447062085192,0.0155585179287928,0.0154213058521463,0.989640420509344,TRUE
"H1","VN30-VN100",3,285,94,0.000300920961988881,0.0175227092145568,0.0173612742638799,0.989166932511434,FALSE
"H1","VN30-VN100",3,357,74,0.000375349850784447,0.0195852760940571,0.0194126161808237,0.987239404648638,FALSE
"H1","VN30-VN100",3,447,60,0.000441909734508165,0.0211976184348425,0.0211538841120422,0.985499429456875,FALSE
"H1","VN30-VN100",3,560,48,0.000581604301798351,0.024281811871599,0.0242853351128194,0.986284980135306,FALSE
"H1","VN30-VN100",3,701,38,0.000710573643140945,0.0268832739946575,0.0268003084526938,0.986250289183412,FALSE
"H1","VN30-VN100",3,878,30,0.00102586105427097,0.0321640203350052,0.0322539996599249,0.98885960786931,FALSE
"H1","VN30-VN100",3,1099,24,0.00111352555672381,0.0335652126509676,0.033590458704864,0.987631314583187,FALSE
"H1","VN30-VN100",3,1376,18,0.00141197023698442,0.0375939363736508,0.0380286317426255,0.987636292065789,FALSE
"H1","VN30-VN100",3,1723,14,0.00167947942328438,0.0410507228119672,0.0414858218102721,0.986175436934107,FALSE
"H1","VN30-VN100",3,2156,12,0.00195933584109547,0.0442880178770971,0.0448308092582197,0.986838445664023,FALSE
"H1","VN30-VN100",3,2700,10,0.00219648807385849,0.0477043409760881,0.0469486332205789,0.980726692059679,FALSE
"H1","VN30-VN100",3,3380,8,0.00341176500592157,0.0604227797889503,0.0571480963330608,0.988044809097463,FALSE
"H1","VN100-VNINDEX",1,5,5408,6.46167216636695e-06,0.00261179817066588,0.00256164892620942,0.965796656203951,TRUE
"H1","VN100-VNINDEX",1,6,4506,7.96040679876578e-06,0.00289749374962033,0.00284078098972774,0.967108056328801,TRUE
"H1","VN100-VNINDEX",1,8,3380,1.19437216093162e-05,0.00354716995519172,0.00346674130092683,0.97126164834207,TRUE
"H1","VN100-VNINDEX",1,10,2704,1.62386533787143e-05,0.0041357886087489,0.00403416282755555,0.973281023240646,TRUE
"H1","VN100-VNINDEX",1,12,2252,2.07213339827948e-05,0.00466662713723213,0.00455403891140806,0.975029759738372,TRUE
"H1","VN100-VNINDEX",1,15,1802,2.70429856549154e-05,0.00533288043885185,0.00519833580541619,0.975502664128469,TRUE
"H1","VN100-VNINDEX",1,19,1422,3.37453048772854e-05,0.00596469223233897,0.00580323982262618,0.974888164688033,TRUE
"H1","VN100-VNINDEX",1,24,1126,4.32490272543941e-05,0.00675664138494282,0.00656678518636156,0.974748701024907,TRUE
"H1","VN100-VNINDEX",1,30,900,5.4821484539492e-05,0.00758699996866917,0.00741551456798875,0.974404805588285,TRUE
"H1","VN100-VNINDEX",1,38,710,6.98490478488099e-05,0.00857623051038172,0.00834773982744037,0.975652451125987,TRUE
"H1","VN100-VNINDEX",1,47,574,8.98815981773939e-05,0.00970351000019484,0.00949680554483004,0.975358746070546,TRUE
"H1","VN100-VNINDEX",1,59,458,0.000114638002598919,0.0109638357609625,0.0107291841912011,0.974539369196117,TRUE
"H1","VN100-VNINDEX",1,74,364,0.000142222386754035,0.0122193056524441,0.0119353540955277,0.975183009917193,TRUE
"H1","VN100-VNINDEX",1,93,290,0.000184636527112163,0.0139182385475808,0.0135950044047048,0.975784678029921,TRUE
"H1","VN100-VNINDEX",1,116,232,0.000238584216019936,0.015836988103177,0.0154396643152673,0.97573360899928,TRUE
"H1","VN100-VNINDEX",1,145,186,0.000310702211085445,0.0179612262498986,0.0177190615724448,0.976264827684166,TRUE
"H1","VN100-VNINDEX",1,182,148,0.000389867256698746,0.0200461715407738,0.0199011990611103,0.977250893099707,TRUE
"H1","VN100-VNINDEX",1,228,118,0.000489985937892917,0.0223994429838265,0.0224302958523216,0.975239752984396,TRUE
"H1","VN100-VNINDEX",1,285,94,0.000595730831078654,0.0247831177929188,0.0246715995021292,0.974309258161264,FALSE
"H1","VN100-VNINDEX",1,357,74,0.000878439149917677,0.0300100364296184,0.0298820128468518,0.979569630450062,FALSE
"H1","VN100-VNINDEX",1,447,60,0.000948052629594444,0.0311807292061348,0.03120913130138,0.974236730489615,FALSE
"H1","VN100-VNINDEX",1,560,48,0.00133738993388208,0.0372451148774378,0.0366926682263481,0.978609523622082,FALSE
"H1","VN100-VNINDEX",1,701,38,0.00156255174790343,0.0397803444769003,0.0401982655988067,0.977143965044557,FALSE
"H1","VN100-VNINDEX",1,878,30,0.00191373502769426,0.0438982974208629,0.0446444512899036,0.976487391006508,FALSE
"H1","VN100-VNINDEX",1,1099,24,0.00217808852648811,0.0470657409266585,0.0476501304555638,0.971195213675963,FALSE
"H1","VN100-VNINDEX",1,1376,18,0.00256450962851686,0.051211257544199,0.0514409093489434,0.973487223981978,FALSE
"H1","VN100-VNINDEX",1,1723,14,0.0038978890033851,0.0645268981861023,0.0623132497291649,0.969411746811086,FALSE
"H1","VN100-VNINDEX",1,2156,12,0.0052609295957086,0.0750342453025321,0.0716783999168956,0.978170743481394,FALSE
"H1","VN100-VNINDEX",1,2700,10,0.00588947300802209,0.081445789124165,0.0744821249612522,0.970858062811641,FALSE
"H1","VN100-VNINDEX",1,3380,8,0.00971889567814151,0.104342801042941,0.0946834758529307,0.983739787505703,FALSE
"H1","VN100-VNINDEX",2,5,5408,2.91194199304988e-06,0.0017575211353692,0.00172297704360737,0.961618194574282,TRUE
"H1","VN100-VNINDEX",2,6,4506,4.03003867779829e-06,0.00206528087102301,0.00202769083924537,0.962339589679944,TRUE
"H1","VN100-VNINDEX",2,8,3380,6.40225176968299e-06,0.0026019353932718,0.00255068362811013,0.964671938700831,TRUE
"H1","VN100-VNINDEX",2,10,2704,8.80035536633105e-06,0.0030506250653238,0.00298099823985535,0.967719864169977,TRUE
"H1","VN100-VNINDEX",2,12,2252,1.13724871447697e-05,0.0034570955920348,0.00338816990610528,0.970909801757185,TRUE
"H1","VN100-VNINDEX",2,15,1802,1.53224070653639e-05,0.00401296475766247,0.00392393248536861,0.973061128427364,TRUE
"H1","VN100-VNINDEX",2,19,1422,2.08511908740795e-05,0.00468131467142224,0.00457002370849633,0.974640773754394,TRUE
"H1","VN100-VNINDEX",2,24,1126,2.73098679028719e-05,0.00535580773937391,0.00522828995189143,0.975292660978482,TRUE
"H1","VN100-VNINDEX",2,30,900,3.38315100561026e-05,0.00596525539135081,0.00581934163212726,0.974582227003085,TRUE
"H1","VN100-VNINDEX",2,38,710,4.40824473608875e-05,0.00681492536696463,0.00663010671079517,0.975627594089772,TRUE
"H1","VN100-VNINDEX",2,47,574,5.69159468416323e-05,0.00773084745081026,0.00754574685655652,0.975673770899073,TRUE
"H1","VN100-VNINDEX",2,59,458,7.02211330109269e-05,0.00859227690206114,0.00839089933571702,0.973982282954767,TRUE
"H1","VN100-VNINDEX",2,74,364,8.65757088236141e-05,0.00953735094059528,0.00932177730880063,0.973799548428504,TRUE
"H1","VN100-VNINDEX",2,93,290,0.000111647547393105,0.0108111658938047,0.01059882154841,0.974359167442852,TRUE
"H1","VN100-VNINDEX",2,116,232,0.000148886495844221,0.01249252275048,0.0122076180089088,0.976279631031794,TRUE
"H1","VN100-VNINDEX",2,145,186,0.000186578373642041,0.0139853896593689,0.0136654996253895,0.976250383263746,TRUE
"H1","VN100-VNINDEX",2,182,148,0.000247123021494512,0.0160877329557569,0.0157261066894801,0.976780855270142,TRUE
"H1","VN100-VNINDEX",2,228,118,0.000305994452157956,0.0179130170848123,0.0174841846581963,0.977010942488146,TRUE
"H1","VN100-VNINDEX",2,285,94,0.000398383313297992,0.0202515365141878,0.0201523218562157,0.976153395178454,FALSE
"H1","VN100-VNINDEX",2,357,74,0.000470491486736903,0.0220767158160139,0.0218508526213604,0.975324007604523,FALSE
"H1","VN100-VNINDEX",2,447,60,0.000585635014086585,0.0245659976352947,0.0245100295062039,0.972632539311285,FALSE
"H1","VN100-VNINDEX",2,560,48,0.00082875244699331,0.0292120196110915,0.0290440559325267,0.976800730564865,FALSE
"H1","VN100-VNINDEX",2,701,38,0.00102853564334022,0.0326044914705875,0.0322839521708147,0.97713646427122,FALSE
"H1","VN100-VNINDEX",2,878,30,0.00127008793323406,0.0360126918437833,0.03610298532116,0.976866216264397,FALSE
"H1","VN100-VNINDEX",2,1099,24,0.00156543235911719,0.039573152648471,0.0404597627326757,0.977710602922041,FALSE
"H1","VN100-VNINDEX",2,1376,18,0.00195324134738501,0.0446302928409242,0.0447478067160332,0.978035050412513,FALSE
"H1","VN100-VNINDEX",2,1723,14,0.00205931773144888,0.0457845965531801,0.0463460641060478,0.970490099611098,FALSE
"H1","VN100-VNINDEX",2,2156,12,0.0026532355727261,0.0513574033562456,0.0532312368812266,0.970523813992232,FALSE
"H1","VN100-VNINDEX",2,2700,10,0.00224396087163632,0.0476456800025247,0.0491444220444091,0.958335372013537,FALSE
"H1","VN100-VNINDEX",2,3380,8,0.00526091147826384,0.0755890721392286,0.0713712363854674,0.975166468935444,FALSE
"H1","VN100-VNINDEX",3,5,5408,1.22666428069349e-06,0.00114183793209125,0.00111729865915468,0.961505948412647,TRUE
"H1","VN100-VNINDEX",3,6,4506,2.17671283732905e-06,0.00151997107071394,0.00149407363225352,0.958503747234226,TRUE
"H1","VN100-VNINDEX",3,8,3380,4.12694270646734e-06,0.00209130918842378,0.00205060383228159,0.962339759941441,TRUE
"H1","VN100-VNINDEX",3,10,2704,5.73596342312327e-06,0.00246455771394566,0.00241573918882425,0.963423722800048,TRUE
"H1","VN100-VNINDEX",3,12,2252,7.34101116361171e-06,0.00278255165668907,0.00273177543091734,0.965756531996651,TRUE
"H1","VN100-VNINDEX",3,15,1802,1.02542500812856e-05,0.00328483930352678,0.00321984394876286,0.969515937035748,TRUE
"H1","VN100-VNINDEX",3,19,1422,1.44258631070739e-05,0.00389431740263283,0.00380849552622116,0.972650941513948,TRUE
"H1","VN100-VNINDEX",3,24,1126,1.92265248455872e-05,0.00449646559284748,0.00438815636809736,0.97442277054317,TRUE
"H1","VN100-VNINDEX",3,30,900,2.3746162568904e-05,0.00499602105068247,0.00488121187605999,0.973736653018977,TRUE
"H1","VN100-VNINDEX",3,38,710,3.21813654375737e-05,0.00581419028505567,0.00567533473402098,0.975267483017321,TRUE
"H1","VN100-VNINDEX",3,47,574,3.98133515365041e-05,0.00647805960037653,0.00630528756667,0.974717808513657,TRUE
"H1","VN100-VNINDEX",3,59,458,5.20818206915354e-05,0.00739779594017692,0.00722127961787572,0.974921501299957,TRUE
"H1","VN100-VNINDEX",3,74,364,6.32201524346176e-05,0.0081401333200574,0.00797348950998066,0.974037312162085,TRUE
"H1","VN100-VNINDEX",3,93,290,8.39222052435947e-05,0.00940224330626365,0.00915037918920253,0.97545291405426,TRUE
"H1","VN100-VNINDEX",3,116,232,9.74209634418623e-05,0.0101196694762078,0.00988647573047863,0.973743535745618,TRUE
"H1","VN100-VNINDEX",3,145,186,0.000125746846675928,0.0115000306159109,0.011222887048509,0.974301821713829,TRUE
"H1","VN100-VNINDEX",3,182,148,0.000164183658399529,0.0131542262089361,0.0127954766809302,0.975457052196464,TRUE
"H1","VN100-VNINDEX",3,228,118,0.000226410319785228,0.0154213058521463,0.0150507198245038,0.975478712105933,TRUE
"H1","VN100-VNINDEX",3,285,94,0.000287313759005126,0.0173612742638799,0.0169448858701448,0.976643756915465,FALSE
"H1","VN100-VNINDEX",3,357,74,0.000364809189117795,0.0194126161808237,0.0192174537714696,0.9778806583235,FALSE
"H1","VN100-VNINDEX",3,447,60,0.000432668630488135,0.0211538841120422,0.0209917854812864,0.974352061927194,FALSE
"H1","VN100-VNINDEX",3,560,48,0.000571439386614633,0.0242853351128194,0.0241521419849171,0.974250005983838,FALSE
"H1","VN100-VNINDEX",3,701,38,0.000699327667161203,0.0268003084526938,0.0268249884733382,0.972750300995262,FALSE
"H1","VN100-VNINDEX",3,878,30,0.00101885839095875,0.0322539996599249,0.0322912720060474,0.978239278069949,FALSE
"H1","VN100-VNINDEX",3,1099,24,0.00111037796971306,0.033590458704864,0.0337921247834885,0.978226451062572,FALSE
"H1","VN100-VNINDEX",3,1376,18,0.00142860581859492,0.0380286317426255,0.0383493362532317,0.979588917428959,FALSE
"H1","VN100-VNINDEX",3,1723,14,0.00167405733450578,0.0414858218102721,0.0413299087409831,0.976351468979161,FALSE
"H1","VN100-VNINDEX",3,2156,12,0.00199646959255629,0.0448308092582197,0.0456969915233233,0.974537403584391,FALSE
"H1","VN100-VNINDEX",3,2700,10,0.00220053423522007,0.0469486332205789,0.048509931449033,0.966216645785275,FALSE
"H1","VN100-VNINDEX",3,3380,8,0.00323873381963549,0.0571480963330608,0.0581881566596356,0.973954993911162,FALSE
"H1","Pcap-VN30",1,5,5408,6.38136931717264e-06,0.00273029438787294,0.00266344031461813,0.877528912540835,TRUE
"H1","Pcap-VN30",1,6,4506,7.81465922801075e-06,0.00301873432521674,0.00296319195739742,0.873625627272773,TRUE
"H1","Pcap-VN30",1,8,3380,1.18528937916628e-05,0.00372373604395491,0.00360323029934347,0.883392043894877,TRUE
"H1","Pcap-VN30",1,10,2704,1.62011772427035e-05,0.00434508011621953,0.00419061653730141,0.889755870749656,TRUE
"H1","Pcap-VN30",1,12,2252,2.06661864902022e-05,0.00488851345801463,0.0047278328949119,0.894172709634825,TRUE
"H1","Pcap-VN30",1,15,1802,2.71083054821734e-05,0.00561247239253437,0.00538665386865867,0.896662657371723,TRUE
"H1","Pcap-VN30",1,19,1422,3.37833878164846e-05,0.00625621280551336,0.00603951837124564,0.894106761561929,TRUE
"H1","Pcap-VN30",1,24,1126,4.35230318229348e-05,0.00717455571706025,0.006809809943055,0.89081831391805,TRUE
"H1","Pcap-VN30",1,30,900,5.46935857599335e-05,0.00801515429230888,0.00766722457329966,0.889992457536196,TRUE
"H1","Pcap-VN30",1,38,710,7.00768953495172e-05,0.00913318969373085,0.00864006402613455,0.888045901247483,TRUE
"H1","Pcap-VN30",1,47,574,8.97433799331551e-05,0.0103078411871917,0.00978003049893941,0.890214151974759,TRUE
"H1","Pcap-VN30",1,59,458,0.000115189473131724,0.0117420393674009,0.0110022913898778,0.891632965629129,TRUE
"H1","Pcap-VN30",1,74,364,0.000141895499316924,0.0128789362900834,0.0123542925340384,0.891806729353456,TRUE
"H1","Pcap-VN30",1,93,290,0.000184528088100664,0.01471742343358,0.0140468918713558,0.89258679499261,TRUE
"H1","Pcap-VN30",1,116,232,0.000240536311891697,0.0168714966997112,0.0159075120358008,0.896240934702438,TRUE
"H1","Pcap-VN30",1,145,186,0.000308730583570467,0.0190892963560316,0.0180685557132059,0.895089153247332,TRUE
"H1","Pcap-VN30",1,182,148,0.000382480829048897,0.0214004155235237,0.0201922148613209,0.885122757844266,TRUE
"H1","Pcap-VN30",1,228,118,0.000476925842369926,0.0239030831193011,0.0225777366611831,0.883723757575834,TRUE
"H1","Pcap-VN30",1,285,94,0.00058553220667716,0.0270062099454036,0.0248188317659315,0.873586297428924,FALSE
"H1","Pcap-VN30",1,357,74,0.000866091448068012,0.032486523905296,0.0299872498689642,0.88904525432329,FALSE
"H1","Pcap-VN30",1,447,60,0.000937277487043217,0.0339995762011356,0.0310648968683234,0.887410914242156,FALSE
"H1","Pcap-VN30",1,560,48,0.00136052923574273,0.0407550430893207,0.0367806075761058,0.907627451664381,FALSE
"H1","Pcap-VN30",1,701,38,0.00153790625871044,0.0430236657273786,0.0395709904892623,0.903328126000372,FALSE
"H1","Pcap-VN30",1,878,30,0.00184309439954266,0.046700197590711,0.0441617910023378,0.893680297300692,FALSE
"H1","Pcap-VN30",1,1099,24,0.00206425489515753,0.0494335716355263,0.0480222644656631,0.869558286570682,FALSE
"H1","Pcap-VN30",1,1376,18,0.00254247557333441,0.0574345736313795,0.0505066845785274,0.876464896589853,FALSE
"H1","Pcap-VN30",1,1723,14,0.00389965922713026,0.068706765561537,0.0654895541493282,0.86667270633688,FALSE
"H1","Pcap-VN30",1,2156,12,0.0053047470308565,0.0786713724251695,0.0762355938586846,0.884484372865652,FALSE
"H1","Pcap-VN30",1,2700,10,0.00603749203357997,0.0814073170906433,0.084787543206468,0.874703928856812,FALSE
"H1","Pcap-VN30",1,3380,8,0.0102477187201861,0.10576984119808,0.106852538230951,0.906735252929682,FALSE
"H1","Pcap-VN30",2,5,5408,2.85923080984184e-06,0.00184810287372963,0.00179772855145398,0.860595273769129,TRUE
"H1","Pcap-VN30",2,6,4506,3.92544045509094e-06,0.00215170825447245,0.00212195952532183,0.859741542392748,TRUE
"H1","Pcap-VN30",2,8,3380,6.29994472221282e-06,0.0027325325179059,0.00265643229054982,0.867905917060209,TRUE
"H1","Pcap-VN30",2,10,2704,8.68195931197218e-06,0.00318320475992625,0.00311580415302111,0.875352585390018,TRUE
"H1","Pcap-VN30",2,12,2252,1.12314894494875e-05,0.00363198257126659,0.00351468961445093,0.879845910071844,TRUE
"H1","Pcap-VN30",2,15,1802,1.5310892121456e-05,0.00424209740802519,0.00405368817534341,0.890367956473041,TRUE
"H1","Pcap-VN30",2,19,1422,2.08253440035913e-05,0.0049125654120182,0.00473794200988582,0.894734321617423,TRUE
"H1","Pcap-VN30",2,24,1126,2.73015112076702e-05,0.00563411858686342,0.00541384102213043,0.895066297566651,TRUE
"H1","Pcap-VN30",2,30,900,3.38069216629475e-05,0.00630362544139928,0.0060282319216087,0.889662479770214,TRUE
"H1","Pcap-VN30",2,38,710,4.42651832297238e-05,0.00720505159647211,0.00687649238266814,0.893425213919609,TRUE
"H1","Pcap-VN30",2,47,574,5.69370388971125e-05,0.0081656912624974,0.00780399352691512,0.893480381777501,TRUE
"H1","Pcap-VN30",2,59,458,7.02989071783223e-05,0.00913624480018226,0.00866160619765739,0.888346532653968,TRUE
"H1","Pcap-VN30",2,74,364,8.62199324735094e-05,0.0100834028354375,0.00964643520014956,0.886408086462308,TRUE
"H1","Pcap-VN30",2,93,290,0.000111030679200188,0.011488007258816,0.0109114166230803,0.885762228460225,TRUE
"H1","Pcap-VN30",2,116,232,0.000148398777452171,0.0131650298713876,0.0126277496727535,0.89265267391449,TRUE
"H1","Pcap-VN30",2,145,186,0.000187066008733294,0.0148004487126331,0.014087107203096,0.897218414079528,TRUE
"H1","Pcap-VN30",2,182,148,0.000246989123865995,0.0169473818326428,0.0162380107706306,0.897516393762971,TRUE
"H1","Pcap-VN30",2,228,118,0.000307049936444452,0.0191242258787401,0.0180009833201203,0.89192619266326,TRUE
"H1","Pcap-VN30",2,285,94,0.000391319245941205,0.0216080555577484,0.0203798070715402,0.888618707236516,FALSE
"H1","Pcap-VN30",2,357,74,0.000464121860802671,0.0237947630582303,0.0221804728974451,0.879386590602773,FALSE
"H1","Pcap-VN30",2,447,60,0.000580783705105025,0.0272459734726819,0.024384079208013,0.874189796520667,FALSE
"H1","Pcap-VN30",2,560,48,0.000820588295908689,0.0311991537046323,0.0292890496716565,0.898001834902471,FALSE
"H1","Pcap-VN30",2,701,38,0.00102429244182968,0.0351212587226175,0.0325921484645537,0.894830762367876,FALSE
"H1","Pcap-VN30",2,878,30,0.00125373967673593,0.038795632516277,0.0359451750489727,0.899050175693878,FALSE
"H1","Pcap-VN30",2,1099,24,0.00151698007047487,0.0425320034204612,0.039485840953208,0.903280517523817,FALSE
"H1","Pcap-VN30",2,1376,18,0.00193098861328116,0.0488835061451338,0.0442999695102397,0.891690084994378,FALSE
"H1","Pcap-VN30",2,1723,14,0.00200660778128926,0.0507189971377239,0.0455700061162282,0.86818593835095,FALSE
"H1","Pcap-VN30",2,2156,12,0.0025218977549397,0.0568950288518973,0.0511426054772431,0.866703007341531,FALSE
"H1","Pcap-VN30",2,2700,10,0.00205983017353237,0.0541154425150235,0.0482008743724276,0.789687538956505,FALSE
"H1","Pcap-VN30",2,3380,8,0.00517736951585516,0.0762550128358315,0.0786803289299976,0.862928071210164,FALSE
"H1","Pcap-VN30",3,5,5408,1.1990543078891e-06,0.00119227589821381,0.00117292005121465,0.857420135630037,TRUE
"H1","Pcap-VN30",3,6,4506,2.11536977807531e-06,0.00158824718234252,0.00156387759204584,0.851658420865249,TRUE
"H1","Pcap-VN30",3,8,3380,4.05346356567674e-06,0.00219342552503353,0.00213931276405828,0.863831622444968,TRUE
"H1","Pcap-VN30",3,10,2704,5.62392470501608e-06,0.0025766397396468,0.00252397830224143,0.86476913351223,TRUE
"H1","Pcap-VN30",3,12,2252,7.19171103426675e-06,0.00291432791239753,0.0028447448983351,0.86746205327807,TRUE
"H1","Pcap-VN30",3,15,1802,1.01189126935692e-05,0.00343654539940654,0.00334573474226966,0.880076160662468,TRUE
"H1","Pcap-VN30",3,19,1422,1.43488118637409e-05,0.00408464871063289,0.0039493090653706,0.889488027929786,TRUE
"H1","Pcap-VN30",3,24,1126,1.92047989517831e-05,0.00472602659277273,0.0045500429213369,0.893095930744674,TRUE
"H1","Pcap-VN30",3,30,900,2.36733845235073e-05,0.0052665534256406,0.00505536066430049,0.889163677331393,TRUE
"H1","Pcap-VN30",3,38,710,3.22516834788285e-05,0.00613628426457095,0.00586659596579201,0.895902481467256,TRUE
"H1","Pcap-VN30",3,47,574,4.00686023702261e-05,0.00689682744661296,0.00652059332263636,0.890979514472477,TRUE
"H1","Pcap-VN30",3,59,458,5.20865522918456e-05,0.0078344561376436,0.00746627203871799,0.890456992137081,TRUE
"H1","Pcap-VN30",3,74,364,6.30700794461342e-05,0.00870400422108592,0.0081961250121465,0.884088438468299,TRUE
"H1","Pcap-VN30",3,93,290,8.42961474284052e-05,0.00999313255722395,0.00947327015650083,0.890443064692563,TRUE
"H1","Pcap-VN30",3,116,232,9.71098073320561e-05,0.0107655716942805,0.0102185131117509,0.882751142711068,TRUE
"H1","Pcap-VN30",3,145,186,0.000126200014071423,0.0122491112379255,0.0115771929809119,0.889921198518848,TRUE
"H1","Pcap-VN30",3,182,148,0.000164033970099617,0.0137983428795941,0.013328522305915,0.891917859940096,TRUE
"H1","Pcap-VN30",3,228,118,0.000227509722573456,0.0162015108050308,0.0155585179287928,0.902560288975948,TRUE
"H1","Pcap-VN30",3,285,94,0.000287748992449312,0.0182795908129254,0.0175227092145568,0.898351066584987,FALSE
"H1","Pcap-VN30",3,357,74,0.000357642363638651,0.0206959681522315,0.0195852760940571,0.882335007979491,FALSE
"H1","Pcap-VN30",3,447,60,0.000425931222604939,0.0230573234134157,0.0211976184348425,0.871452088876593,FALSE
"H1","Pcap-VN30",3,560,48,0.000564393858040502,0.0264529108979811,0.024281811871599,0.87867388680593,FALSE
"H1","Pcap-VN30",3,701,38,0.000684470533539761,0.0290341917611586,0.0268832739946575,0.876925819371545,FALSE
"H1","Pcap-VN30",3,878,30,0.00100722883091674,0.03477751923514,0.0321640203350052,0.900449209222715,FALSE
"H1","Pcap-VN30",3,1099,24,0.0010853552243624,0.0363451408937735,0.0335652126509676,0.889684739539921,FALSE
"H1","Pcap-VN30",3,1376,18,0.00140910154130499,0.0419251178520016,0.0375939363736508,0.894026096127844,FALSE
"H1","Pcap-VN30",3,1723,14,0.00166725798853301,0.0460290789945573,0.0410507228119672,0.882367926521385,FALSE
"H1","Pcap-VN30",3,2156,12,0.0019548350070008,0.0496990730400556,0.0442880178770971,0.888128026840784,FALSE
"H1","Pcap-VN30",3,2700,10,0.0020261145245979,0.0513733329899916,0.0477043409760881,0.826738850380282,FALSE
"H1","Pcap-VN30",3,3380,8,0.00289742020005425,0.0554076549402528,0.0604227797889503,0.865448067705978,FALSE
"H1","Pheur-VN30",1,5,5408,-1.00282110032677e-05,0.0316849535790674,0.00266344031461813,-0.11883036171573,TRUE
"H1","Pheur-VN30",1,6,4506,-1.44283567363892e-05,0.0356315411475386,0.00296319195739742,-0.136654040858865,TRUE
"H1","Pheur-VN30",1,8,3380,-1.41791129533716e-05,0.0421175045498563,0.00360323029934347,-0.0934317342022273,TRUE
"H1","Pheur-VN30",1,10,2704,-1.51210574830218e-05,0.047793082862445,0.00419061653730141,-0.0754986518312633,TRUE
"H1","Pheur-VN30",1,12,2252,-1.81666170921067e-05,0.0527335277742955,0.0047278328949119,-0.0728660317354319,TRUE
"H1","Pheur-VN30",1,15,1802,-1.68259323653988e-05,0.0597883828159528,0.00538665386865867,-0.0522448230267195,TRUE
"H1","Pheur-VN30",1,19,1422,-2.8221203686271e-05,0.0674895731200909,0.00603951837124564,-0.0692367295459095,TRUE
"H1","Pheur-VN30",1,24,1126,-2.21221906772685e-05,0.0783995090526347,0.006809809943055,-0.0414361882053653,TRUE
"H1","Pheur-VN30",1,30,900,-3.9560474917542e-05,0.0879724724180501,0.00766722457329966,-0.0586511476981333,TRUE
"H1","Pheur-VN30",1,38,710,-3.5255848841273e-05,0.100983164471623,0.00864006402613455,-0.0404078030566418,TRUE
"H1","Pheur-VN30",1,47,574,-4.62602288522222e-05,0.112933567189216,0.00978003049893941,-0.0418836499786026,TRUE
"H1","Pheur-VN30",1,59,458,-1.97853157665953e-05,0.127761195510281,0.0110022913898778,-0.014075404225122,TRUE
"H1","Pheur-VN30",1,74,364,-0.000105281536477959,0.140270659223636,0.0123542925340384,-0.0607529674517722,TRUE
"H1","Pheur-VN30",1,93,290,-0.000109952499342946,0.159645454470026,0.0140468918713558,-0.0490307243057272,TRUE
"H1","Pheur-VN30",1,116,232,-4.76236843617903e-05,0.179853523185617,0.0159075120358008,-0.0166456891806362,TRUE
"H1","Pheur-VN30",1,145,186,-9.98622477368615e-05,0.204606213828588,0.0180685557132059,-0.0270121454117039,TRUE
"H1","Pheur-VN30",1,182,148,-0.000198893165525154,0.239509079549333,0.0201922148613209,-0.0411257583528541,TRUE
"H1","Pheur-VN30",1,228,118,-0.000279095823615151,0.269099015387091,0.0225777366611831,-0.0459368092250299,TRUE
"H1","Pheur-VN30",1,285,94,-0.000115537605917551,0.315856718696422,0.0248188317659315,-0.0147384532982917,FALSE
"H1","Pheur-VN30",1,357,74,0.000102807273754122,0.35740673015888,0.0299872498689642,0.00959233810236637,FALSE
"H1","Pheur-VN30",1,447,60,0.000298200263232896,0.376739608944883,0.0310648968683234,0.0254798474605833,FALSE
"H1","Pheur-VN30",1,560,48,0.00153822840492509,0.413219461314336,0.0367806075761058,0.10120947231085,FALSE
"H1","Pheur-VN30",1,701,38,0.000894068848426785,0.444040546241539,0.0395709904892623,0.0508828482806948,FALSE
"H1","Pheur-VN30",1,878,30,-0.000624966775211191,0.503727615939869,0.0441617910023378,-0.0280940590411569,FALSE
"H1","Pheur-VN30",1,1099,24,-0.00350619803461342,0.591130403745274,0.0480222644656631,-0.123512385510413,FALSE
"H1","Pheur-VN30",1,1376,18,0.00234788489135156,0.666107583392395,0.0505066845785274,0.0697884515194526,FALSE
"H1","Pheur-VN30",1,1723,14,-0.00506395365836541,0.827263741563188,0.0654895541493282,-0.0934703134325708,FALSE
"H1","Pheur-VN30",1,2156,12,-0.00637396208559284,0.885974504605087,0.0762355938586846,-0.0943692413277566,FALSE
"H1","Pheur-VN30",1,2700,10,-0.02047953172415,0.978362121994673,0.084787543206468,-0.246881382279897,FALSE
"H1","Pheur-VN30",1,3380,8,-0.0166909932645204,1.08311677269355,0.106852538230951,-0.144218859775168,FALSE
"H1","Pheur-VN30",2,5,5408,-5.72150819946159e-06,0.0228398933799621,0.00179772855145398,-0.139345303722047,TRUE
"H1","Pheur-VN30",2,6,4506,-9.36886041170946e-06,0.0267735926286334,0.00212195952532183,-0.16490849241764,TRUE
"H1","Pheur-VN30",2,8,3380,-1.11262237786979e-05,0.0328837696284917,0.00265643229054982,-0.127370086218217,TRUE
"H1","Pheur-VN30",2,10,2704,-1.49527052311476e-05,0.0372922965336668,0.00311580415302111,-0.128685759837441,TRUE
"H1","Pheur-VN30",2,12,2252,-1.45973700305351e-05,0.0416855809856028,0.00351468961445093,-0.0996326726116811,TRUE
"H1","Pheur-VN30",2,15,1802,-1.05166331429063e-05,0.0464778013054485,0.00405368817534341,-0.0558188405684743,TRUE
"H1","Pheur-VN30",2,19,1422,-1.65458461900325e-05,0.0528350371626736,0.00473794200988582,-0.066096311550247,TRUE
"H1","Pheur-VN30",2,24,1126,-1.89455595710591e-05,0.0604741019022894,0.00541384102213043,-0.0578672056314602,TRUE
"H1","Pheur-VN30",2,30,900,-2.45190261777596e-05,0.0692849881273207,0.0060282319216087,-0.0587048682944743,TRUE
"H1","Pheur-VN30",2,38,710,-2.53062209447596e-05,0.0778609028010355,0.00687649238266814,-0.0472651340730468,TRUE
"H1","Pheur-VN30",2,47,574,-3.43814278351787e-05,0.0882318965795342,0.00780399352691512,-0.0499322795752519,TRUE
"H1","Pheur-VN30",2,59,458,-3.85044736803898e-05,0.100904824317833,0.00866160619765739,-0.0440555701666334,TRUE
"H1","Pheur-VN30",2,74,364,-7.1158838543519e-05,0.112403872390494,0.00964643520014956,-0.0656267241517749,TRUE
"H1","Pheur-VN30",2,93,290,-7.38581140479807e-05,0.128305010981367,0.0109114166230803,-0.0527561940711405,TRUE
"H1","Pheur-VN30",2,116,232,-0.000106337464976954,0.142841468150184,0.0126277496727535,-0.0589530167064454,TRUE
"H1","Pheur-VN30",2,145,186,-7.50234785976741e-05,0.157139782738808,0.014087107203096,-0.0338913781447662,TRUE
"H1","Pheur-VN30",2,182,148,-0.000137232653652143,0.179782884374032,0.0162380107706306,-0.0470084890587835,TRUE
"H1","Pheur-VN30",2,228,118,-8.41174137498264e-05,0.207850631627705,0.0180009833201203,-0.0224821754878962,TRUE
"H1","Pheur-VN30",2,285,94,-0.000161787798536962,0.238276114137868,0.0203798070715402,-0.0333169462566078,FALSE
"H1","Pheur-VN30",2,357,74,-0.000177285646997908,0.272345207234864,0.0221804728974451,-0.0293483059922508,FALSE
"H1","Pheur-VN30",2,447,60,0.00026298500871629,0.318098915768833,0.024384079208013,0.0339048980875715,FALSE
"H1","Pheur-VN30",2,560,48,-3.74953067426452e-05,0.329864786676224,0.0292890496716565,-0.00388092878521222,FALSE
"H1","Pheur-VN30",2,701,38,0.000150190301446909,0.376771039246735,0.0325921484645537,0.0122307020329495,FALSE
"H1","Pheur-VN30",2,878,30,0.00037134154086384,0.408308360970649,0.0359451750489727,0.0253014062059651,FALSE
"H1","Pheur-VN30",2,1099,24,0.000546249093545561,0.438718172475898,0.039485840953208,0.031532885469813,FALSE
"H1","Pheur-VN30",2,1376,18,0.00120558851587891,0.532396207285033,0.0442999695102397,0.0511164543911557,FALSE
"H1","Pheur-VN30",2,1723,14,0.000394133210769451,0.604855120274029,0.0455700061162282,0.0142992277357375,FALSE
"H1","Pheur-VN30",2,2156,12,0.000364759376034892,0.682010779638321,0.0511426054772431,0.0104576084130105,FALSE
"H1","Pheur-VN30",2,2700,10,-0.00400831698751814,0.802110741087462,0.0482008743724276,-0.103674705594493,FALSE
"H1","Pheur-VN30",2,3380,8,-0.0181567235838727,0.954269609280951,0.0786803289299976,-0.241824457454846,FALSE
"H1","Pheur-VN30",3,5,5408,-2.86996845472731e-06,0.0149453549201515,0.00117292005121465,-0.163720280287852,TRUE
"H1","Pheur-VN30",3,6,4506,-5.49228406609317e-06,0.0203080642069182,0.00156387759204584,-0.172934525461954,TRUE
"H1","Pheur-VN30",3,8,3380,-7.99548671287794e-06,0.0268145020648071,0.00213931276405828,-0.139380136928521,TRUE
"H1","Pheur-VN30",3,10,2704,-1.15685855076073e-05,0.0314280856427728,0.00252397830224143,-0.145840020234506,TRUE
"H1","Pheur-VN30",3,12,2252,-1.35547341000923e-05,0.0351644495791937,0.0028447448983351,-0.135501421543183,TRUE
"H1","Pheur-VN30",3,15,1802,-1.46384892477313e-05,0.0394543496786301,0.00334573474226966,-0.110894463100153,TRUE
"H1","Pheur-VN30",3,19,1422,-1.43973507483944e-05,0.0449993961398672,0.0039493090653706,-0.0810130116003402,TRUE
"H1","Pheur-VN30",3,24,1126,-1.52955557805641e-05,0.0511991916852718,0.0045500429213369,-0.0656578510195053,TRUE
"H1","Pheur-VN30",3,30,900,-1.96978388448213e-05,0.058040158339638,0.00505536066430049,-0.0671332769211977,TRUE
"H1","Pheur-VN30",3,38,710,-1.76133582549061e-05,0.065574457635959,0.00586659596579201,-0.0457847958677524,TRUE
"H1","Pheur-VN30",3,47,574,-1.63430491993596e-05,0.07528925290157,0.00652059332263636,-0.033289937942633,TRUE
"H1","Pheur-VN30",3,59,458,-3.21708237468795e-05,0.0857785246681513,0.00746627203871799,-0.0502319224112424,TRUE
"H1","Pheur-VN30",3,74,364,-3.14980781004047e-05,0.0978169080654445,0.0081961250121465,-0.039288147418385,TRUE
"H1","Pheur-VN30",3,93,290,-4.11388252063776e-05,0.109368281967856,0.00947327015650083,-0.0397064054472018,TRUE
"H1","Pheur-VN30",3,116,232,-7.11947116694516e-05,0.121743448359827,0.0102185131117509,-0.0572287724031017,TRUE
"H1","Pheur-VN30",3,145,186,-5.41531057607246e-05,0.134334354613039,0.0115771929809119,-0.0348203396694855,TRUE
"H1","Pheur-VN30",3,182,148,-0.000149525519418861,0.150353211800863,0.013328522305915,-0.0746140487896631,TRUE
"H1","Pheur-VN30",3,228,118,-0.000107748674642504,0.16776773319293,0.0155585179287928,-0.0412795805436605,TRUE
"H1","Pheur-VN30",3,285,94,-0.000156636890794176,0.193159949138624,0.0175227092145568,-0.0462781210279371,FALSE
"H1","Pheur-VN30",3,357,74,-0.000239759360656907,0.234367011637483,0.0195852760940571,-0.0522335317156298,FALSE
"H1","Pheur-VN30",3,447,60,-0.000113139650866278,0.271806530236215,0.0211976184348425,-0.0196366716046365,FALSE
"H1","Pheur-VN30",3,560,48,-1.6238994728331e-05,0.303474877200399,0.024281811871599,-0.00220371438443233,FALSE
"H1","Pheur-VN30",3,701,38,-0.000196176311313414,0.335401472978994,0.0268832739946575,-0.0217570214702835,FALSE
"H1","Pheur-VN30",3,878,30,0.000378629060230307,0.363682242913894,0.0321640203350052,0.0323684213432462,FALSE
"H1","Pheur-VN30",3,1099,24,0.000134965991371722,0.398773500575515,0.0335652126509676,0.0100834385359985,FALSE
"H1","Pheur-VN30",3,1376,18,0.00131231966981406,0.45269650508746,0.0375939363736508,0.0771107087014277,FALSE
"H1","Pheur-VN30",3,1723,14,0.00125494052452934,0.52136355100095,0.0410507228119672,0.0586356399360892,FALSE
"H1","Pheur-VN30",3,2156,12,0.00180298929186425,0.550378394723743,0.0442880178770971,0.0739682810884757,FALSE
"H1","Pheur-VN30",3,2700,10,-0.00372181861038654,0.698867986043872,0.0477043409760881,-0.111635457361455,FALSE
"H1","Pheur-VN30",3,3380,8,-0.014455153396508,0.708642834245798,0.0604227797889503,-0.337593909842958,FALSE
"H1","Pratio-VN30",1,5,5408,-2.2615129650241e-07,0.000424120227960573,0.00266344031461813,-0.200201407590354,TRUE
"H1","Pratio-VN30",1,6,4506,-3.06545737321938e-07,0.000477550968324869,0.00296319195739742,-0.216628586095064,TRUE
"H1","Pratio-VN30",1,8,3380,-3.58764329189811e-07,0.000562738624307647,0.00360323029934347,-0.176933680096424,TRUE
"H1","Pratio-VN30",1,10,2704,-4.3167246536782e-07,0.000637828648062113,0.00419061653730141,-0.161499954192604,TRUE
"H1","Pratio-VN30",1,12,2252,-5.35180589964473e-07,0.000703822517165615,0.0047278328949119,-0.160832968934715,TRUE
"H1","Pratio-VN30",1,15,1802,-6.05486834888621e-07,0.000796584925874588,0.00538665386865867,-0.141108622078975,TRUE
"H1","Pratio-VN30",1,19,1422,-8.54526348853896e-07,0.000900457643434236,0.00603951837124564,-0.157130272238641,TRUE
"H1","Pratio-VN30",1,24,1126,-9.04700296272538e-07,0.00104311645406276,0.006809809943055,-0.127361142218457,TRUE
"H1","Pratio-VN30",1,30,900,-1.29897764638604e-06,0.00117225899866364,0.00766722457329966,-0.144523981799537,TRUE
"H1","Pratio-VN30",1,38,710,-1.45166032267332e-06,0.00134325873786275,0.00864006402613455,-0.125080143721035,TRUE
"H1","Pratio-VN30",1,47,574,-1.87435582478046e-06,0.00150260487595954,0.00978003049893941,-0.127546057001143,TRUE
"H1","Pratio-VN30",1,59,458,-1.86017697640151e-06,0.00169576906398985,0.0110022913898778,-0.0997021247833841,TRUE
"H1","Pratio-VN30",1,74,364,-3.40651046638933e-06,0.00186973461861147,0.0123542925340384,-0.147472783598754,TRUE
"H1","Pratio-VN30",1,93,290,-4.05843204668737e-06,0.00212580740312412,0.0140468918713558,-0.135910848601413,TRUE
"H1","Pratio-VN30",1,116,232,-3.97132379258242e-06,0.00238828402753709,0.0159075120358008,-0.10453147125647,TRUE
"H1","Pratio-VN30",1,145,186,-5.63108847010814e-06,0.00271939695135433,0.0180685557132059,-0.114603084083601,TRUE
"H1","Pratio-VN30",1,182,148,-8.01230013554562e-06,0.00318560083931906,0.0201922148613209,-0.124560944703286,TRUE
"H1","Pratio-VN30",1,228,118,-1.04192353861402e-05,0.00358040835886707,0.0225777366611831,-0.128891086271656,TRUE
"H1","Pratio-VN30",1,285,94,-9.661907493119e-06,0.00418955036946884,0.0248188317659315,-0.0929210532231122,FALSE
"H1","Pratio-VN30",1,357,74,-1.05193248242825e-05,0.00473347456440766,0.0299872498689642,-0.0741090386563753,FALSE
"H1","Pratio-VN30",1,447,60,-8.80754656167782e-06,0.00498248427093313,0.0310648968683234,-0.0569035151506242,FALSE
"H1","Pratio-VN30",1,560,48,2.44898996276783e-06,0.00543024020099613,0.0367806075761058,0.0122616542408122,FALSE
"H1","Pratio-VN30",1,701,38,-8.87314984473058e-06,0.00586163953932886,0.0395709904892623,-0.0382544345187997,FALSE
"H1","Pratio-VN30",1,878,30,-3.40139859532304e-05,0.00669512537767842,0.0441617910023378,-0.115040864219985,FALSE
"H1","Pratio-VN30",1,1099,24,-7.67701018291236e-05,0.00791114961453098,0.0480222644656631,-0.202073741913971,FALSE
"H1","Pratio-VN30",1,1376,18,-2.68178309002187e-06,0.00877674645432301,0.0505066845785274,-0.00604980302264195,FALSE
"H1","Pratio-VN30",1,1723,14,-0.00012353348689092,0.011041098705458,0.0654895541493282,-0.170844252880863,FALSE
"H1","Pratio-VN30",1,2156,12,-0.000160952026595689,0.0118396051591945,0.0762355938586846,-0.178320569472241,FALSE
"H1","Pratio-VN30",1,2700,10,-0.000365448669928879,0.0132433539153431,0.084787543206468,-0.325459047370304,FALSE
"H1","Pratio-VN30",1,3380,8,-0.000371260234721414,0.0145765452879884,0.106852538230951,-0.238363078376883,FALSE
"H1","Pratio-VN30",2,5,5408,-1.18256848378113e-07,0.000305886078978528,0.00179772855145398,-0.21505149803881,TRUE
"H1","Pratio-VN30",2,6,4506,-1.83217566714674e-07,0.000359315992601005,0.00212195952532183,-0.240299832347527,TRUE
"H1","Pratio-VN30",2,8,3380,-2.40161571630297e-07,0.000440179985625511,0.00265643229054982,-0.205387720234627,TRUE
"H1","Pratio-VN30",2,10,2704,-3.25724968247252e-07,0.000499527482419937,0.00311580415302111,-0.209277005203303,TRUE
"H1","Pratio-VN30",2,12,2252,-3.55964622160979e-07,0.00055713202282686,0.00351468961445093,-0.181786545900717,TRUE
"H1","Pratio-VN30",2,15,1802,-3.55946234451148e-07,0.000619185587868711,0.00405368817534341,-0.141812079550625,TRUE
"H1","Pratio-VN30",2,19,1422,-5.15037127646631e-07,0.0007047601145961,0.00473794200988582,-0.154243715760593,TRUE
"H1","Pratio-VN30",2,24,1126,-6.37361517589857e-07,0.00080605518633342,0.00541384102213043,-0.1460547087528,TRUE
"H1","Pratio-VN30",2,30,900,-8.03828523723893e-07,0.000923227399282353,0.0060282319216087,-0.144432449172023,TRUE
"H1","Pratio-VN30",2,38,710,-9.58809606724327e-07,0.00103666748856797,0.00687649238266814,-0.134501129644063,TRUE
"H1","Pratio-VN30",2,47,574,-1.25852028161837e-06,0.00117504378761105,0.00780399352691512,-0.137242704465218,TRUE
"H1","Pratio-VN30",2,59,458,-1.49949146562837e-06,0.00134267768643604,0.00866160619765739,-0.128935881043361,TRUE
"H1","Pratio-VN30",2,74,364,-2.1689410949239e-06,0.00149841018524205,0.00964643520014956,-0.150054902743596,TRUE
"H1","Pratio-VN30",2,93,290,-2.54807493460125e-06,0.00170834572910075,0.0109114166230803,-0.136695837769002,TRUE
"H1","Pratio-VN30",2,116,232,-3.51068890041877e-06,0.00190379638469368,0.0126277496727535,-0.146031277465457,TRUE
"H1","Pratio-VN30",2,145,186,-3.61202883937991e-06,0.00209011776022836,0.014087107203096,-0.122675725199717,TRUE
"H1","Pratio-VN30",2,182,148,-5.29521483385857e-06,0.00239428225912259,0.0162380107706306,-0.136199468251104,TRUE
"H1","Pratio-VN30",2,228,118,-5.39093637182532e-06,0.00276091530713637,0.0180009833201203,-0.108471311691432,TRUE
"H1","Pratio-VN30",2,285,94,-7.62273457155671e-06,0.00316759594257156,0.0203798070715402,-0.118081252537912,FALSE
"H1","Pratio-VN30",2,357,74,-8.8396617489845e-06,0.0036176410497328,0.0221804728974451,-0.110163917854394,FALSE
"H1","Pratio-VN30",2,447,60,-4.37979435254456e-06,0.00420291680856789,0.024384079208013,-0.0427362651386569,FALSE
"H1","Pratio-VN30",2,560,48,-1.18258185436553e-05,0.00437553381627246,0.0292890496716565,-0.0922773014741972,FALSE
"H1","Pratio-VN30",2,701,38,-1.20465806232025e-05,0.00498977792757468,0.0325921484645537,-0.0740746458838511,FALSE
"H1","Pratio-VN30",2,878,30,-1.21609132325107e-05,0.00540186921343255,0.0359451750489727,-0.0626298716634641,FALSE
"H1","Pratio-VN30",2,1099,24,-1.33782866289497e-05,0.00580166769257297,0.039485840953208,-0.0583991135426568,FALSE
"H1","Pratio-VN30",2,1376,18,-9.99721926502629e-06,0.00702639160512234,0.0442999695102397,-0.0321176261974012,FALSE
"H1","Pratio-VN30",2,1723,14,-2.22225801988365e-05,0.0080030609457928,0.0455700061162282,-0.0609339414780749,FALSE
"H1","Pratio-VN30",2,2156,12,-2.97289529407877e-05,0.00902633316340277,0.0511426054772431,-0.0643999313866001,FALSE
"H1","Pratio-VN30",2,2700,10,-8.36291557151909e-05,0.0106791780613872,0.0482008743724276,-0.162466927734373,FALSE
"H1","Pratio-VN30",2,3380,8,-0.000321582594080014,0.0128949158390785,0.0786803289299976,-0.316962479330896,FALSE
"H1","Pratio-VN30",3,5,5408,-5.60778981115883e-08,0.000200519856483643,0.00117292005121465,-0.238432762975479,TRUE
"H1","Pratio-VN30",3,6,4506,-1.04846117122031e-07,0.000272564060632089,0.00156387759204584,-0.245969355856012,TRUE
"H1","Pratio-VN30",3,8,3380,-1.66054565307446e-07,0.000359199317563282,0.00213931276405828,-0.216093167192631,TRUE
"H1","Pratio-VN30",3,10,2704,-2.36941371978453e-07,0.000421261200611255,0.00252397830224143,-0.222845475330068,TRUE
"H1","Pratio-VN30",3,12,2252,-2.85920503348107e-07,0.000471021435006666,0.0028447448983351,-0.213383729411009,TRUE
"H1","Pratio-VN30",3,15,1802,-3.41198156060234e-07,0.000527849028117485,0.00334573474226966,-0.193199253080946,TRUE
"H1","Pratio-VN30",3,19,1422,-3.96169909117405e-07,0.000600837546151503,0.0039493090653706,-0.166956487754359,TRUE
"H1","Pratio-VN30",3,24,1126,-4.75472242443315e-07,0.000682829939692025,0.0045500429213369,-0.153037238276303,TRUE
"H1","Pratio-VN30",3,30,900,-5.97727559395634e-07,0.000773957370594111,0.00505536066430049,-0.152768598673044,TRUE
"H1","Pratio-VN30",3,38,710,-6.87223171953026e-07,0.000873101820462407,0.00586659596579201,-0.134167312865539,TRUE
"H1","Pratio-VN30",3,47,574,-7.77446338735002e-07,0.00100100528684451,0.00652059332263636,-0.119109646719057,TRUE
"H1","Pratio-VN30",3,59,458,-1.16120671333158e-06,0.00114218214091241,0.00746627203871799,-0.136166527722668,TRUE
"H1","Pratio-VN30",3,74,364,-1.30330642340403e-06,0.00130073752170965,0.0081961250121465,-0.122249838344318,TRUE
"H1","Pratio-VN30",3,93,290,-1.72870244906662e-06,0.00145490090049587,0.00947327015650083,-0.125425809310236,TRUE
"H1","Pratio-VN30",3,116,232,-2.31951606538008e-06,0.00162133655464451,0.0102185131117509,-0.140002729866686,TRUE
"H1","Pratio-VN30",3,145,186,-2.48556581471433e-06,0.00178617985629655,0.0115771929809119,-0.120197879850644,TRUE
"H1","Pratio-VN30",3,182,148,-4.32137103451141e-06,0.00200671432087607,0.013328522305915,-0.161567499417769,TRUE
"H1","Pratio-VN30",3,228,118,-4.62041805537635e-06,0.00223383754011475,0.0155585179287928,-0.132941771788972,TRUE
"H1","Pratio-VN30",3,285,94,-6.12437622903137e-06,0.00257240321602355,0.0175227092145568,-0.135869370823317,FALSE
"H1","Pratio-VN30",3,357,74,-8.23318889599697e-06,0.00311977644960801,0.0195852760940571,-0.134745697269745,FALSE
"H1","Pratio-VN30",3,447,60,-7.42929280100777e-06,0.00360643471014707,0.0211976184348425,-0.0971812162970613,FALSE
"H1","Pratio-VN30",3,560,48,-8.00208596937748e-06,0.00402185103067773,0.024281811871599,-0.0819400345162035,FALSE
"H1","Pratio-VN30",3,701,38,-1.21367775308811e-05,0.00445192852025602,0.0268832739946575,-0.101408194432906,FALSE
"H1","Pratio-VN30",3,878,30,-8.66314983965683e-06,0.00480859539066464,0.0321640203350052,-0.0560127973332691,FALSE
"H1","Pratio-VN30",3,1099,24,-1.30979435808638e-05,0.00528122172041959,0.0335652126509676,-0.0738889187934754,FALSE
"H1","Pratio-VN30",3,1376,18,-1.33381508168986e-06,0.00596157783757745,0.0375939363736508,-0.00595136522502718,FALSE
"H1","Pratio-VN30",3,1723,14,-5.68242010058424e-06,0.00687578417999359,0.0410507228119672,-0.0201321562789004,FALSE
"H1","Pratio-VN30",3,2156,12,-2.09268638660389e-06,0.00724971061753569,0.0442880178770971,-0.00651774303115107,FALSE
"H1","Pratio-VN30",3,2700,10,-7.92160741043895e-05,0.0093221328850399,0.0477043409760881,-0.178131254019292,FALSE
"H1","Pratio-VN30",3,3380,8,-0.00023914731150241,0.00965853094800847,0.0604227797889503,-0.409782800155949,FALSE
"H1","Pres-VN30",1,5,5408,1.66777517899007e-10,0.000415533818315278,0.00266344031461813,0.000150691294023033,TRUE
"H1","Pres-VN30",1,6,4506,-2.64200901006837e-08,0.00046629633828874,0.00296319195739742,-0.0191210837212264,TRUE
"H1","Pres-VN30",1,8,3380,5.54425830437799e-08,0.000554073863338498,0.00360323029934347,0.0277705045709115,TRUE
"H1","Pres-VN30",1,10,2704,1.28586926406161e-07,0.000630203147234729,0.00419061653730141,0.0486898375276307,TRUE
"H1","Pres-VN30",1,12,2252,1.77931068227953e-07,0.000695678630945301,0.0047278328949119,0.0540979744773936,TRUE
"H1","Pres-VN30",1,15,1802,3.20215672851885e-07,0.000790851756663896,0.00538665386865867,0.0751672100444055,TRUE
"H1","Pres-VN30",1,19,1422,3.09165289622148e-07,0.000890744207151079,0.00603951837124564,0.0574692349748098,TRUE
"H1","Pres-VN30",1,24,1126,5.74759891906276e-07,0.00103805867124963,0.006809809943055,0.0813073043175268,TRUE
"H1","Pres-VN30",1,30,900,5.76490396393031e-07,0.00116238614707933,0.00766722457329966,0.0646849828585777,TRUE
"H1","Pres-VN30",1,38,710,9.29930905247398e-07,0.001337048703358,0.00864006402613455,0.0804982600523136,TRUE
"H1","Pres-VN30",1,47,574,1.1771465953131e-06,0.00149518502407535,0.00978003049893941,0.0804999115625712,TRUE
"H1","Pres-VN30",1,59,458,2.00171023764126e-06,0.00169709990056254,0.0110022913898778,0.10720391840332,TRUE
"H1","Pres-VN30",1,74,364,1.46281789241829e-06,0.0018530778899393,0.0123542925340384,0.0638967411335038,TRUE
"H1","Pres-VN30",1,93,290,2.23653961250973e-06,0.00211209210099384,0.0140468918713558,0.0753847506879782,TRUE
"H1","Pres-VN30",1,116,232,4.10172953831044e-06,0.002389154860555,0.0159075120358008,0.107924602793736,TRUE
"H1","Pres-VN30",1,145,186,4.78441286228404e-06,0.00271442593868795,0.0180685557132059,0.0975499864406178,TRUE
"H1","Pres-VN30",1,182,148,4.99542101007187e-06,0.00317045814023894,0.0201922148613209,0.0780308097453871,TRUE
"H1","Pres-VN30",1,228,118,5.84351915123198e-06,0.00355996409308314,0.0225777366611831,0.0727023503073516,TRUE
"H1","Pres-VN30",1,285,94,9.98960450509044e-06,0.00419079787854963,0.0248188317659315,0.0960440010838912,FALSE
"H1","Pres-VN30",1,357,74,1.81690916724338e-05,0.00475918406473175,0.0299872498689642,0.127310456664972,FALSE
"H1","Pres-VN30",1,447,60,2.19798618406837e-05,0.00502447883899588,0.0310648968683234,0.140819896439174,FALSE
"H1","Pres-VN30",1,560,48,4.56079626412019e-05,0.00556962080138251,0.0367806075761058,0.22263638686089,FALSE
"H1","Pres-VN30",1,701,38,4.10827909975814e-05,0.00594864744915149,0.0395709904892623,0.174527869873341,FALSE
"H1","Pres-VN30",1,878,30,2.82055340872356e-05,0.00668127203643969,0.0441617910023378,0.0955935290112579,FALSE
"H1","Pres-VN30",1,1099,24,-3.1970839363649e-06,0.00774823106649282,0.0480222644656631,-0.0085922882788801,FALSE
"H1","Pres-VN30",1,1376,18,7.87007160673078e-05,0.00891383869403218,0.0505066845785274,0.174809508655786,FALSE
"H1","Pres-VN30",1,1723,14,1.32952657973673e-05,0.0108806670875132,0.0654895541493282,0.0186581881331665,FALSE
"H1","Pres-VN30",1,2156,12,2.44646855834555e-05,0.011654264321389,0.0762355938586846,0.0275357548932266,FALSE
"H1","Pres-VN30",1,2700,10,-0.000136099378235956,0.0126247958435396,0.084787543206468,-0.127145128753836,FALSE
"H1","Pres-VN30",1,3380,8,-7.00736111901383e-06,0.0141565444956114,0.106852538230951,-0.00463246767684767,FALSE
"H1","Pres-VN30",2,5,5408,-1.51514196827731e-08,0.000298848041529874,0.00179772855145398,-0.0282019279021083,TRUE
"H1","Pres-VN30",2,6,4506,-3.95669508993033e-08,0.000349285640985335,0.00212195952532183,-0.0533844479347859,TRUE
"H1","Pres-VN30",2,8,3380,-1.50329035896002e-08,0.000430832818037054,0.00265643229054982,-0.0131351592915318,TRUE
"H1","Pres-VN30",2,10,2704,-1.60018634635312e-08,0.000488493142206819,0.00311580415302111,-0.010513369721567,TRUE
"H1","Pres-VN30",2,12,2252,3.81361235641898e-08,0.000547956537318123,0.00351468961445093,0.0198017446293613,TRUE
"H1","Pres-VN30",2,15,1802,1.68298378799988e-07,0.000614332351578672,0.00405368817534341,0.0675812480675681,TRUE
"H1","Pres-VN30",2,19,1422,2.01127360463754e-07,0.000697618889405777,0.00473794200988582,0.0608503641802369,TRUE
"H1","Pres-VN30",2,24,1126,2.97708856694191e-07,0.000799305311034218,0.00541384102213043,0.0687976426951765,TRUE
"H1","Pres-VN30",2,30,900,3.55517842787142e-07,0.000915448696882676,0.0060282319216087,0.0644224799264431,TRUE
"H1","Pres-VN30",2,38,710,5.49766527772422e-07,0.00103035417557419,0.00687649238266814,0.077593401890475,TRUE
"H1","Pres-VN30",2,47,574,6.8445422096952e-07,0.00116722465633269,0.00780399352691512,0.0751403221392766,TRUE
"H1","Pres-VN30",2,59,458,8.93990555049062e-07,0.00133546471128259,0.00866160619765739,0.0772862222352572,TRUE
"H1","Pres-VN30",2,74,364,7.99763625399139e-07,0.00148376279631889,0.00964643520014956,0.0558766446388074,TRUE
"H1","Pres-VN30",2,93,290,1.25028028628022e-06,0.00169618437031488,0.0109114166230803,0.0675543295327052,TRUE
"H1","Pres-VN30",2,116,232,1.57658626171899e-06,0.00188752132318471,0.0126277496727535,0.0661454396255937,TRUE
"H1","Pres-VN30",2,145,186,2.71903859930921e-06,0.00208329140243315,0.014087107203096,0.0926495963780476,TRUE
"H1","Pres-VN30",2,182,148,3.11677909802155e-06,0.00237972448337372,0.0162380107706306,0.0806578272358684,TRUE
"H1","Pres-VN30",2,228,118,4.94680729883473e-06,0.00275834809721371,0.0180009833201203,0.0996276052156417,TRUE
"H1","Pres-VN30",2,285,94,5.62780114936407e-06,0.00315753375818461,0.0203798070715402,0.0874562140644959,FALSE
"H1","Pres-VN30",2,357,74,6.85582913370891e-06,0.00360888297037785,0.0221804728974451,0.0856478341511578,FALSE
"H1","Pres-VN30",2,447,60,1.45892748649559e-05,0.00424148842848067,0.024384079208013,0.141061682534489,FALSE
"H1","Pres-VN30",2,560,48,1.554223189493e-05,0.00438906156228258,0.0292890496716565,0.120902820224084,FALSE
"H1","Pres-VN30",2,701,38,2.18424604666945e-05,0.00502099621585062,0.0325921484645537,0.133474614224621,FALSE
"H1","Pres-VN30",2,878,30,2.90597054929302e-05,0.00545154247657669,0.0359451750489727,0.148296603863351,FALSE
"H1","Pres-VN30",2,1099,24,3.63628934245149e-05,0.00586452290687733,0.039485840953208,0.157030623190396,FALSE
"H1","Pres-VN30",2,1376,18,5.26122691401931e-05,0.00712248078173962,0.0442999695102397,0.166744807888081,FALSE
"H1","Pres-VN30",2,1723,14,4.40282727831673e-05,0.00804640630085137,0.0455700061162282,0.120074449247994,FALSE
"H1","Pres-VN30",2,2156,12,5.37157935369029e-05,0.00906862424421289,0.0511426054772431,0.115818447463761,FALSE
"H1","Pres-VN30",2,2700,10,-9.50783767345235e-06,0.0105391404968211,0.0482008743724276,-0.0187163711102649,FALSE
"H1","Pres-VN30",2,3380,8,-0.000124083260662585,0.0123312902232771,0.0786803289299976,-0.127890566550577,FALSE
"H1","Pres-VN30",3,5,5408,-1.21874391991137e-08,0.000195013678696941,0.00117292005121465,-0.0532818108681105,TRUE
"H1","Pres-VN30",3,6,4506,-2.68202121801301e-08,0.000264746291874295,0.00156387759204584,-0.06477830297918,TRUE
"H1","Pres-VN30",3,8,3380,-2.00448126769431e-08,0.000350837564971138,0.00213931276405828,-0.0267067863159711,TRUE
"H1","Pres-VN30",3,10,2704,-3.37035487916312e-08,0.000410885116440272,0.00252397830224143,-0.0324989705919635,TRUE
"H1","Pres-VN30",3,12,2252,-2.77420736748554e-08,0.000460276410546869,0.0028447448983351,-0.0211873614657662,TRUE
"H1","Pres-VN30",3,15,1802,1.59236034504562e-08,0.000517925979250082,0.00334573474226966,0.00918929411204202,TRUE
"H1","Pres-VN30",3,19,1422,1.01424560320024e-07,0.00059296075547749,0.0039493090653706,0.043310785528614,TRUE
"H1","Pres-VN30",3,24,1126,1.85014777787828e-07,0.000676010520730461,0.0045500429213369,0.0601502546198151,TRUE
"H1","Pres-VN30",3,30,900,2.17610265067718e-07,0.000766082945801667,0.00505536066430049,0.056189017558912,TRUE
"H1","Pres-VN30",3,38,710,4.10785218938173e-07,0.000868036607985363,0.00586659596579201,0.0806660122085701,TRUE
"H1","Pres-VN30",3,47,574,5.79015343785014e-07,0.000997838170427543,0.00652059332263636,0.0889903356123549,TRUE
"H1","Pres-VN30",3,59,458,6.17240256627749e-07,0.00113455974287816,0.00746627203871799,0.0728656869889187,TRUE
"H1","Pres-VN30",3,74,364,8.39833113319758e-07,0.00129504125451097,0.0081961250121465,0.079122648639452,TRUE
"H1","Pres-VN30",3,93,290,1.13437532542952e-06,0.00144837002677998,0.00947327015650083,0.0826755932552056,TRUE
"H1","Pres-VN30",3,116,232,1.01174534175882e-06,0.00160841855353574,0.0102185131117509,0.0615579902930027,TRUE
"H1","Pres-VN30",3,145,186,1.79045534589283e-06,0.00177996131391561,0.0115771929809119,0.0868859708373045,TRUE
"H1","Pres-VN30",3,182,148,1.34620436726923e-06,0.0019829234062729,0.013328522305915,0.0509357907610825,TRUE
"H1","Pres-VN30",3,228,118,3.10229235497392e-06,0.00222297035366656,0.0155585179287928,0.0896976008575671,TRUE
"H1","Pres-VN30",3,285,94,3.67133126760563e-06,0.00255714655275468,0.0175227092145568,0.0819344797473937,FALSE
"H1","Pres-VN30",3,357,74,4.00431087908133e-06,0.00309807854133142,0.0195852760940571,0.0659941842927726,FALSE
"H1","Pres-VN30",3,447,60,6.90602882898623e-06,0.00360411952628721,0.0211976184348425,0.0903945258622973,FALSE
"H1","Pres-VN30",3,560,48,1.08082035671548e-05,0.00403296536668771,0.024281811871599,0.110369209833148,FALSE
"H1","Pres-VN30",3,701,38,1.09199473383575e-05,0.00444756639714713,0.0268832739946575,0.0913305231318669,FALSE
"H1","Pres-VN30",3,878,30,2.43414108564149e-05,0.00486032665964509,0.0321640203350052,0.155707653474427,FALSE
"H1","Pres-VN30",3,1099,24,2.28448729812609e-05,0.0053105800456195,0.0335652126509676,0.128161442066886,FALSE
"H1","Pres-VN30",3,1376,18,4.375500853701e-05,0.00607402495751782,0.0375939363736508,0.191616718650361,FALSE
"H1","Pres-VN30",3,1723,14,4.80795181138219e-05,0.00697345023936297,0.0410507228119672,0.167954479548928,FALSE
"H1","Pres-VN30",3,2156,12,6.0483023905203e-05,0.0073770684283254,0.0442880178770971,0.185124304678625,FALSE
"H1","Pres-VN30",3,2700,10,-6.61398767731235e-06,0.0091740892661846,0.0477043409760881,-0.0151127159359422,FALSE
"H1","Pres-VN30",3,3380,8,-0.000122671779371148,0.00904124208268345,0.0604227797889503,-0.224551450953,FALSE
"H4","VN30-VNINDEX",1,5,2164,1.78276592161107e-05,0.00439709532541594,0.00420402671229452,0.964412822610113,TRUE
"H4","VN30-VNINDEX",1,6,1802,2.42037283133362e-05,0.00509091261611096,0.00491808633517226,0.966697239476227,TRUE
"H4","VN30-VNINDEX",1,7,1544,2.91900697397669e-05,0.00559215274838907,0.00539913224023792,0.966789983712624,TRUE
"H4","VN30-VNINDEX",1,9,1202,3.99695991847339e-05,0.00653668861255446,0.00632002044183631,0.967505657319184,TRUE
"H4","VN30-VNINDEX",1,11,982,4.78197300223086e-05,0.00719900632317269,0.00687697973099102,0.965910351901346,TRUE
"H4","VN30-VNINDEX",1,13,832,5.64152442539823e-05,0.00779015111790538,0.00751218626706383,0.96401600094851,TRUE
"H4","VN30-VNINDEX",1,16,676,7.18050523590675e-05,0.008787491247021,0.00847569073879611,0.964084267843766,TRUE
"H4","VN30-VNINDEX",1,19,568,8.64768083093582e-05,0.00964741013046596,0.00928882961576582,0.965001334478077,TRUE
"H4","VN30-VNINDEX",1,23,470,0.000106428312498433,0.0106751020102515,0.0103318777121096,0.964952387760936,TRUE
"H4","VN30-VNINDEX",1,28,386,0.000135181632319035,0.012068357274566,0.0115874039829484,0.966681437304748,TRUE
"H4","VN30-VNINDEX",1,34,318,0.000165606868217404,0.0132598317269786,0.0129213509793922,0.966567989777606,TRUE
"H4","VN30-VNINDEX",1,42,256,0.000206495287157525,0.0147689588436739,0.0144568676304599,0.967132681713751,TRUE
"H4","VN30-VNINDEX",1,51,212,0.000255405021163238,0.0165224656147958,0.0159791210481429,0.967390209157412,TRUE
"H4","VN30-VNINDEX",1,62,174,0.00030659946177484,0.0180893435863822,0.0175267694732416,0.967045049137047,TRUE
"H4","VN30-VNINDEX",1,75,144,0.000382998702211188,0.0201657055547899,0.0196741262464159,0.965358059753682,TRUE
"H4","VN30-VNINDEX",1,91,118,0.000475608510666713,0.0222665774431429,0.0221333246448598,0.965049290375022,FALSE
"H4","VN30-VNINDEX",1,110,98,0.000555609897812655,0.0241662746436278,0.0237997534125171,0.966023762835109,FALSE
"H4","VN30-VNINDEX",1,133,80,0.00073225457545742,0.0275360792906249,0.0274613750819897,0.968361937012687,FALSE
"H4","VN30-VNINDEX",1,162,66,0.000960129432902034,0.0316536107773535,0.0312623040997459,0.970254223981282,FALSE
"H4","VN30-VNINDEX",1,196,54,0.00102068202277694,0.0323964694344359,0.0325676571277328,0.967400405496849,FALSE
"H4","VN30-VNINDEX",1,238,44,0.0012456312647089,0.0359522261503454,0.0357662388738107,0.968702544652729,FALSE
"H4","VN30-VNINDEX",1,288,36,0.00152897810362083,0.0392734778441057,0.0400681851716152,0.971632945332971,FALSE
"H4","VN30-VNINDEX",1,350,30,0.00186304861844932,0.0435647187132811,0.0440950875555391,0.969837706103913,FALSE
"H4","VN30-VNINDEX",1,424,24,0.00226724318969897,0.04821020809924,0.04856829257065,0.968291822008412,FALSE
"H4","VN30-VNINDEX",1,515,20,0.00281364768460623,0.0538709362544293,0.0536490797583354,0.973538016321136,FALSE
"H4","VN30-VNINDEX",1,624,16,0.00380547215652094,0.0632598750840231,0.0619692092926567,0.970742991990376,FALSE
"H4","VN30-VNINDEX",1,758,14,0.00346653979881922,0.0602089680178496,0.0595952847784307,0.966102281596831,FALSE
"H4","VN30-VNINDEX",1,919,10,0.00686080171024323,0.0858812472358356,0.0816987602766582,0.977824823274761,FALSE
"H4","VN30-VNINDEX",1,1115,8,0.00772470669602832,0.0955516963013254,0.0837710491364557,0.965049616640697,FALSE
"H4","VN30-VNINDEX",1,1352,8,0.0098875011421638,0.106791227303723,0.0945779278705611,0.978951495682186,FALSE
"H4","VN30-VNINDEX",2,5,2164,8.31613540529655e-06,0.00300316460772091,0.00287543916803929,0.963026483770711,TRUE
"H4","VN30-VNINDEX",2,6,1802,1.23248841425461e-05,0.00364171935384786,0.00350411499693816,0.965824062093103,TRUE
"H4","VN30-VNINDEX",2,7,1544,1.6380537260551e-05,0.00419922631966167,0.00403133845096428,0.967630612020388,TRUE
"H4","VN30-VNINDEX",2,9,1202,2.35195594799069e-05,0.00504396459336813,0.00482115915012173,0.967176388701891,TRUE
"H4","VN30-VNINDEX",2,11,982,2.89323530493077e-05,0.00558389390369729,0.00536323446900414,0.966094955117184,TRUE
"H4","VN30-VNINDEX",2,13,832,3.49794630499151e-05,0.00612851577392621,0.0059150250670273,0.964942068887983,TRUE
"H4","VN30-VNINDEX",2,16,676,4.48393247893897e-05,0.00693983366576591,0.00668368225983296,0.966705539635629,TRUE
"H4","VN30-VNINDEX",2,19,568,5.46220056976076e-05,0.00766116604917978,0.00738197433037251,0.965828990532994,TRUE
"H4","VN30-VNINDEX",2,23,470,6.80837688520168e-05,0.00853635985810673,0.00825938391154934,0.965657727724456,TRUE
"H4","VN30-VNINDEX",2,28,386,8.41797691965784e-05,0.0095148567313317,0.00915391274747156,0.966492990806746,TRUE
"H4","VN30-VNINDEX",2,34,318,9.97532361271833e-05,0.0103411524220266,0.00999884097928288,0.964735795418524,TRUE
"H4","VN30-VNINDEX",2,42,256,0.000123569898764612,0.0115061253427302,0.0111385272753437,0.96417489115166,TRUE
"H4","VN30-VNINDEX",2,51,212,0.000157875231571114,0.0129681300093796,0.0125822637258445,0.967559900041616,TRUE
"H4","VN30-VNINDEX",2,62,174,0.000193460123401955,0.0144557160867893,0.0138313957931959,0.96757767963477,TRUE
"H4","VN30-VNINDEX",2,75,144,0.000261231495937527,0.016654000909819,0.0161553319641094,0.970937034937579,TRUE
"H4","VN30-VNINDEX",2,91,118,0.000295347226901151,0.0177819030724566,0.0171648146523131,0.967643849824696,FALSE
"H4","VN30-VNINDEX",2,110,98,0.000365546944546671,0.0196073262251439,0.0192625436870054,0.967856891664873,FALSE
"H4","VN30-VNINDEX",2,133,80,0.000413460285049184,0.0207583119379671,0.0206918007170389,0.962594728013792,FALSE
"H4","VN30-VNINDEX",2,162,66,0.000506155763700585,0.0229467075021021,0.0229518844369399,0.96104883868154,FALSE
"H4","VN30-VNINDEX",2,196,54,0.000668674454704163,0.0263946314285492,0.0262457248306742,0.965251664154632,FALSE
"H4","VN30-VNINDEX",2,238,44,0.000823708966925459,0.0293461728351746,0.0290061671659714,0.967680472525683,FALSE
"H4","VN30-VNINDEX",2,288,36,0.00104694416899422,0.0327085844674591,0.0330309354772032,0.969038203924877,FALSE
"H4","VN30-VNINDEX",2,350,30,0.00125818696342538,0.035902851540032,0.0360719213631179,0.971509299645106,FALSE
"H4","VN30-VNINDEX",2,424,24,0.00148359085761253,0.0392128039311608,0.0389483600157672,0.971397708892076,FALSE
"H4","VN30-VNINDEX",2,515,20,0.00159741851098176,0.0404241454198522,0.040856222847325,0.967207491144416,FALSE
"H4","VN30-VNINDEX",2,624,16,0.00197935896092496,0.0450778794155874,0.0455152874489298,0.964725580282079,FALSE
"H4","VN30-VNINDEX",2,758,14,0.0025877259537036,0.0519161102221973,0.0514080488386363,0.969583050790862,FALSE
"H4","VN30-VNINDEX",2,919,10,0.00335182404948603,0.057964545174404,0.0593250979807798,0.974720984746808,FALSE
"H4","VN30-VNINDEX",2,1115,8,0.0030011015275307,0.0557612219356332,0.0566628792830488,0.949838494836788,FALSE
"H4","VN30-VNINDEX",2,1352,8,0.00543092041436934,0.0784996521531553,0.0711796501808714,0.971963277936852,FALSE
"H4","VN30-VNINDEX",3,5,2164,3.4874672048587e-06,0.00195881091426782,0.00185855800960182,0.957947032059855,TRUE
"H4","VN30-VNINDEX",3,6,1802,5.78711265970427e-06,0.00251899675341409,0.00239352077778715,0.959836204738434,TRUE
"H4","VN30-VNINDEX",3,7,1544,9.60155782704294e-06,0.00321833097288325,0.00308874987351967,0.965891304631244,TRUE
"H4","VN30-VNINDEX",3,9,1202,1.49949339447144e-05,0.00401682449735007,0.00386239247573218,0.966507653830837,TRUE
"H4","VN30-VNINDEX",3,11,982,2.00133490521063e-05,0.00464504474580564,0.00446009709245673,0.966018747871225,TRUE
"H4","VN30-VNINDEX",3,13,832,2.48250779306732e-05,0.00515749442067506,0.0049849299075703,0.965590084792536,TRUE
"H4","VN30-VNINDEX",3,16,676,3.09273094605077e-05,0.00577693439083703,0.00554653315454321,0.9652128416948,TRUE
"H4","VN30-VNINDEX",3,19,568,3.70040620264971e-05,0.00630875467465465,0.0060759991597928,0.965357234472391,TRUE
"H4","VN30-VNINDEX",3,23,470,4.88229600680766e-05,0.00724735255822625,0.00697367404945085,0.966013227707898,TRUE
"H4","VN30-VNINDEX",3,28,386,6.17655303125085e-05,0.00816245013462588,0.00783002745219894,0.966412077366939,TRUE
"H4","VN30-VNINDEX",3,34,318,7.36021892050864e-05,0.00889957994792345,0.00857706167338134,0.964234553342492,TRUE
"H4","VN30-VNINDEX",3,42,256,8.94186912838633e-05,0.00979398188822812,0.00947784241285198,0.963295495157089,TRUE
"H4","VN30-VNINDEX",3,51,212,0.000113984885827395,0.0110681694441174,0.0106651704530348,0.965614255160512,TRUE
"H4","VN30-VNINDEX",3,62,174,0.000135025014138512,0.012045969436776,0.0116169350312031,0.96489690632598,TRUE
"H4","VN30-VNINDEX",3,75,144,0.000173958141516529,0.0136454176047586,0.0131764550596988,0.967518644295711,TRUE
"H4","VN30-VNINDEX",3,91,118,0.000219360478119138,0.0153205313515221,0.0148042251329034,0.96716122175535,FALSE
"H4","VN30-VNINDEX",3,110,98,0.00027197666412733,0.0170454236253133,0.0164545050781322,0.969703626063704,FALSE
"H4","VN30-VNINDEX",3,133,80,0.000315332928598499,0.018279702646592,0.0178254253908168,0.967743570521749,FALSE
"H4","VN30-VNINDEX",3,162,66,0.000412511949325034,0.0208646159187331,0.0204252766420551,0.967961739807965,FALSE
"H4","VN30-VNINDEX",3,196,54,0.000428058832875442,0.0211512042921103,0.0210678549773231,0.960612078116599,FALSE
"H4","VN30-VNINDEX",3,238,44,0.00057582861781899,0.0244224915972327,0.0244340954210989,0.964954888112435,FALSE
"H4","VN30-VNINDEX",3,288,36,0.000726830012024348,0.0275229031868755,0.0273725856138715,0.96476776980156,FALSE
"H4","VN30-VNINDEX",3,350,30,0.000991949400062179,0.0319048900520728,0.0320110857683316,0.971251856064752,FALSE
"H4","VN30-VNINDEX",3,424,24,0.00120471897819028,0.0352737078409311,0.0350674685489396,0.973935558545944,FALSE
"H4","VN30-VNINDEX",3,515,20,0.00139042248766102,0.037459899872736,0.038077752085242,0.974785070295767,FALSE
"H4","VN30-VNINDEX",3,624,16,0.00155645553070085,0.0398357620084982,0.0401313126457972,0.973599232190707,FALSE
"H4","VN30-VNINDEX",3,758,14,0.001800880561783,0.0431350952849806,0.0430336712736541,0.970165330291637,FALSE
"H4","VN30-VNINDEX",3,919,10,0.00237712382028096,0.0486669462483508,0.0501430429992559,0.974107801991075,FALSE
"H4","VN30-VNINDEX",3,1115,8,0.00239920231064103,0.0497667019465133,0.0506088548312923,0.95258008963613,FALSE
"H4","VN30-VNINDEX",3,1352,8,0.00338591733866872,0.0602093858362397,0.0579643254446687,0.970177878776624,FALSE
"H4","VN30-VN100",1,5,2164,1.87944318537687e-05,0.00439709532541594,0.0043245731712609,0.988371175160284,TRUE
"H4","VN30-VN100",1,6,1802,2.53376024387738e-05,0.00509091261611096,0.00503225420494469,0.989025077318192,TRUE
"H4","VN30-VN100",1,7,1544,3.06235701405192e-05,0.00559215274838907,0.00553684970232201,0.989040463327702,TRUE
"H4","VN30-VN100",1,9,1202,4.18347841552787e-05,0.00653668861255446,0.00647129790092629,0.98898189895206,TRUE
"H4","VN30-VN100",1,11,982,5.03842637870304e-05,0.00719900632317269,0.00707900680909709,0.98866698535109,TRUE
"H4","VN30-VN100",1,13,832,5.91653887953513e-05,0.00779015111790538,0.00769091438457908,0.987515369199017,TRUE
"H4","VN30-VN100",1,16,676,7.52012832121403e-05,0.008787491247021,0.00866617827988049,0.987490046543465,TRUE
"H4","VN30-VN100",1,19,568,9.1044229638044e-05,0.00964741013046596,0.00955280532954735,0.98789492925956,TRUE
"H4","VN30-VN100",1,23,470,0.000111126421218023,0.0106751020102515,0.0105368607238276,0.987947928413193,TRUE
"H4","VN30-VN100",1,28,386,0.000142010889302645,0.012068357274566,0.0119027534899395,0.988612390164241,TRUE
"H4","VN30-VN100",1,34,318,0.000171468419984382,0.0132598317269786,0.0130841301317292,0.988328407430634,TRUE
"H4","VN30-VN100",1,42,256,0.000214606464602411,0.0147689588436739,0.0147070278114082,0.988025164898817,TRUE
"H4","VN30-VN100",1,51,212,0.000267327592364501,0.0165224656147958,0.0163696707336737,0.988391464680488,TRUE
"H4","VN30-VN100",1,62,174,0.000321409772012484,0.0180893435863822,0.0179908530314505,0.987607804341083,TRUE
"H4","VN30-VN100",1,75,144,0.000398324484005345,0.0201657055547899,0.0200015491382346,0.987551941409589,TRUE
"H4","VN30-VN100",1,91,118,0.000484646450515404,0.0222665774431429,0.0220525700168729,0.986989106219512,FALSE
"H4","VN30-VN100",1,110,98,0.000568219654976248,0.0241662746436278,0.0238259994229148,0.986859709349895,FALSE
"H4","VN30-VN100",1,133,80,0.000743382285505559,0.0275360792906249,0.0273547813610216,0.986908424746006,FALSE
"H4","VN30-VN100",1,162,66,0.000986924745869364,0.0316536107773535,0.0315306992426491,0.98884262456718,FALSE
"H4","VN30-VN100",1,196,54,0.00102855212143349,0.0323964694344359,0.0321663049692044,0.987023392741758,FALSE
"H4","VN30-VN100",1,238,44,0.00127879809014409,0.0359522261503454,0.0360255599081865,0.987337091912013,FALSE
"H4","VN30-VN100",1,288,36,0.00152678106666101,0.0392734778441057,0.0393364815244996,0.988284291431743,FALSE
"H4","VN30-VN100",1,350,30,0.00186960293966633,0.0435647187132811,0.0434383239588281,0.987964655799317,FALSE
"H4","VN30-VN100",1,424,24,0.00233128820100001,0.04821020809924,0.0489746440180846,0.987383059146039,FALSE
"H4","VN30-VN100",1,515,20,0.00282041541823714,0.0538709362544293,0.0529375873203178,0.988995721138164,FALSE
"H4","VN30-VN100",1,624,16,0.00393276877366678,0.0632598750840231,0.0629279373824404,0.987930937998673,FALSE
"H4","VN30-VN100",1,758,14,0.0034651443728618,0.0602089680178496,0.0584615290484701,0.984441651680947,FALSE
"H4","VN30-VN100",1,919,10,0.00731410872100862,0.0858812472358356,0.0860622370843861,0.989578925530252,FALSE
"H4","VN30-VN100",1,1115,8,0.00881216385872759,0.0955516963013254,0.0931601921916792,0.989951201095778,FALSE
"H4","VN30-VN100",1,1352,8,0.0110317197769541,0.106791227303723,0.104265230414042,0.990759251889803,FALSE
"H4","VN30-VN100",2,5,2164,8.70309691193539e-06,0.00300316460772091,0.00293355541890366,0.987871338745112,TRUE
"H4","VN30-VN100",2,6,1802,1.29088686182878e-05,0.00364171935384786,0.00358467663632885,0.988852967703451,TRUE
"H4","VN30-VN100",2,7,1544,1.71278324687479e-05,0.00419922631966167,0.00412146898704254,0.989648767925861,TRUE
"H4","VN30-VN100",2,9,1202,2.47964389092608e-05,0.00504396459336813,0.0049684716595943,0.989451403139014,TRUE
"H4","VN30-VN100",2,11,982,3.03352734718485e-05,0.00558389390369729,0.00549353824943284,0.988914179037926,TRUE
"H4","VN30-VN100",2,13,832,3.66061655776166e-05,0.00612851577392621,0.00604326312993834,0.988387916358947,TRUE
"H4","VN30-VN100",2,16,676,4.69960005534763e-05,0.00693983366576591,0.00684919630955209,0.988717508529973,TRUE
"H4","VN30-VN100",2,19,568,5.72414514131058e-05,0.00766116604917978,0.00755862213994924,0.988491926451605,TRUE
"H4","VN30-VN100",2,23,470,7.1228432633091e-05,0.00853635985810673,0.00844427293897893,0.98813984250322,TRUE
"H4","VN30-VN100",2,28,386,8.82878387013065e-05,0.0095148567313317,0.00938915328745991,0.988262241485398,TRUE
"H4","VN30-VN100",2,34,318,0.000104548269103521,0.0103411524220266,0.0102380448858376,0.987485843618868,TRUE
"H4","VN30-VN100",2,42,256,0.000129332414309762,0.0115061253427302,0.0113852590981853,0.987268693474067,TRUE
"H4","VN30-VN100",2,51,212,0.000164837328543505,0.0129681300093796,0.0128652247098773,0.988008851618997,TRUE
"H4","VN30-VN100",2,62,174,0.000204709329234013,0.0144557160867893,0.0143188928822007,0.988982450365464,TRUE
"H4","VN30-VN100",2,75,144,0.000272692261376802,0.016654000909819,0.0165480472703473,0.989481039382652,TRUE
"H4","VN30-VN100",2,91,118,0.000310405481174819,0.0177819030724566,0.0176634315126107,0.988271028593358,FALSE
"H4","VN30-VN100",2,110,98,0.000375318074370251,0.0196073262251439,0.0193865718951931,0.987370357197069,FALSE
"H4","VN30-VN100",2,133,80,0.000421593725859671,0.0207583119379671,0.0205979533065486,0.986002545025854,FALSE
"H4","VN30-VN100",2,162,66,0.000513932332584406,0.0229467075021021,0.0227313553345281,0.985281277378511,FALSE
"H4","VN30-VN100",2,196,54,0.000688298433946803,0.0263946314285492,0.0264305470946864,0.986631612827463,FALSE
"H4","VN30-VN100",2,238,44,0.000853355022262589,0.0293461728351746,0.0294475582387927,0.987481546271629,FALSE
"H4","VN30-VN100",2,288,36,0.00105468875679287,0.0327085844674591,0.0326390250034627,0.987928217034402,FALSE
"H4","VN30-VN100",2,350,30,0.00127682941460621,0.035902851540032,0.035977647894518,0.988487470178458,FALSE
"H4","VN30-VN100",2,424,24,0.00151634343620017,0.0392128039311608,0.0391254779459012,0.988348305487839,FALSE
"H4","VN30-VN100",2,515,20,0.00162426433042335,0.0404241454198522,0.0407192528256018,0.986770276549535,FALSE
"H4","VN30-VN100",2,624,16,0.00199720919383683,0.0450778794155874,0.0450004790479173,0.984561710457413,FALSE
"H4","VN30-VN100",2,758,14,0.00259808714783868,0.0519161102221973,0.0506272875480936,0.988477774608886,FALSE
"H4","VN30-VN100",2,919,10,0.00333486611724049,0.057964545174404,0.0581820626349621,0.988841892829457,FALSE
"H4","VN30-VN100",2,1115,8,0.00302765786226337,0.0557612219356332,0.0554324361218278,0.979513777793169,FALSE
"H4","VN30-VN100",2,1352,8,0.00584058096470741,0.0784996521531553,0.0753986239904463,0.986790355524897,FALSE
"H4","VN30-VN100",3,5,2164,3.66486249683083e-06,0.00195881091426782,0.00189459444419691,0.987526844726897,TRUE
"H4","VN30-VN100",3,6,1802,6.07753368552808e-06,0.00251899675341409,0.002443329958894,0.987455758405674,TRUE
"H4","VN30-VN100",3,7,1544,1.00184360658557e-05,0.00321833097288325,0.00314627759488399,0.989400643592088,TRUE
"H4","VN30-VN100",3,9,1202,1.57398140880387e-05,0.00401682449735007,0.00396090864417474,0.989286119378742,TRUE
"H4","VN30-VN100",3,11,982,2.10071590708854e-05,0.00464504474580564,0.00457249782741854,0.989062906011192,TRUE
"H4","VN30-VN100",3,13,832,2.60165044968256e-05,0.00515749442067506,0.00510089197808173,0.988926585351249,TRUE
"H4","VN30-VN100",3,16,676,3.25353320324184e-05,0.00577693439083703,0.0056980515041992,0.98839704305718,TRUE
"H4","VN30-VN100",3,19,568,3.88574056365933e-05,0.00630875467465465,0.00623258214726543,0.988239366765411,TRUE
"H4","VN30-VN100",3,23,470,5.12106873478586e-05,0.00724735255822625,0.00714617232797108,0.988798346128106,TRUE
"H4","VN30-VN100",3,28,386,6.4883662298802e-05,0.00816245013462588,0.00804191399018768,0.988451557778419,TRUE
"H4","VN30-VN100",3,34,318,7.72791864555339e-05,0.00889957994792345,0.00879222705798089,0.987629690741763,TRUE
"H4","VN30-VN100",3,42,256,9.35213612531821e-05,0.00979398188822812,0.0096736514569675,0.987099853362161,TRUE
"H4","VN30-VN100",3,51,212,0.000119955706264563,0.0110681694441174,0.0109682386434975,0.988116660099487,TRUE
"H4","VN30-VN100",3,62,174,0.00014181846823337,0.012045969436776,0.0119159344177588,0.98801361447657,TRUE
"H4","VN30-VN100",3,75,144,0.000181727776963755,0.0136454176047586,0.0134633594181998,0.989193018926968,TRUE
"H4","VN30-VN100",3,91,118,0.000229638783314412,0.0153205313515221,0.0151510908421652,0.98929885669727,FALSE
"H4","VN30-VN100",3,110,98,0.000284195574268322,0.0170454236253133,0.0168544571753794,0.98922422089732,FALSE
"H4","VN30-VN100",3,133,80,0.000326591320311137,0.018279702646592,0.018082989331015,0.988018975532374,FALSE
"H4","VN30-VN100",3,162,66,0.000425307111855247,0.0208646159187331,0.0206284618618414,0.988155754066309,FALSE
"H4","VN30-VN100",3,196,54,0.000438935604953022,0.0211512042921103,0.0210979616446049,0.983615156909531,FALSE
"H4","VN30-VN100",3,238,44,0.000585426047500039,0.0244224915972327,0.024307700687509,0.986139131963515,FALSE
"H4","VN30-VN100",3,288,36,0.000744803342164808,0.0275229031868755,0.0274149696004569,0.987096485577584,FALSE
"H4","VN30-VN100",3,350,30,0.00100881762920706,0.0319048900520728,0.0319763214445595,0.988842011987191,FALSE
"H4","VN30-VN100",3,424,24,0.0012304444681773,0.0352737078409311,0.0352489907538545,0.989610324980138,FALSE
"H4","VN30-VN100",3,515,20,0.0013929981883182,0.037459899872736,0.0375968303763543,0.989082929282146,FALSE
"H4","VN30-VN100",3,624,16,0.0015647413206023,0.0398357620084982,0.0397585299404021,0.98795941443803,FALSE
"H4","VN30-VN100",3,758,14,0.00181522176986262,0.0431350952849806,0.0425629050158104,0.988707133882612,FALSE
"H4","VN30-VN100",3,919,10,0.00238231665872188,0.0486669462483508,0.04953968542118,0.988125591265532,FALSE
"H4","VN30-VN100",3,1115,8,0.00242346813053779,0.0497667019465133,0.0496282067675737,0.981227856578417,FALSE
"H4","VN30-VN100",3,1352,8,0.00338598675479295,0.0602093858362397,0.0569188948293912,0.988017412938254,FALSE
"H4","VN100-VNINDEX",1,5,2164,1.77000407648448e-05,0.0043245731712609,0.00420402671229452,0.973566339513996,TRUE
"H4","VN100-VNINDEX",1,6,1802,2.41462867830177e-05,0.00503225420494469,0.00491808633517226,0.97564457632591,TRUE
"H4","VN100-VNINDEX",1,7,1544,2.91584524454399e-05,0.00553684970232201,0.00539913224023792,0.975388814821392,TRUE
"H4","VN100-VNINDEX",1,9,1202,3.99154272672302e-05,0.00647129790092629,0.00632002044183631,0.97595750207487,TRUE
"H4","VN100-VNINDEX",1,11,982,4.74397352814015e-05,0.00707900680909709,0.00687697973099102,0.974478322489759,TRUE
"H4","VN100-VNINDEX",1,13,832,5.62500708769244e-05,0.00769091438457908,0.00751218626706383,0.973595929170178,TRUE
"H4","VN100-VNINDEX",1,16,676,7.15352487905865e-05,0.00866617827988049,0.00847569073879611,0.973906739237236,TRUE
"H4","VN100-VNINDEX",1,19,568,8.65015258093211e-05,0.00955280532954735,0.00928882961576582,0.974836639160805,TRUE
"H4","VN100-VNINDEX",1,23,470,0.000106059720314026,0.0105368607238276,0.0103318777121096,0.974226594295574,TRUE
"H4","VN100-VNINDEX",1,28,386,0.000134514187422654,0.0119027534899395,0.0115874039829484,0.975291647100257,TRUE
"H4","VN100-VNINDEX",1,34,318,0.000164846384099474,0.0130841301317292,0.0129213509793922,0.975049462440974,TRUE
"H4","VN100-VNINDEX",1,42,256,0.000207419452230599,0.0147070278114082,0.0144568676304599,0.975551867796786,TRUE
"H4","VN100-VNINDEX",1,51,212,0.000255349404567945,0.0163696707336737,0.0159791210481429,0.976207227851405,TRUE
"H4","VN100-VNINDEX",1,62,174,0.000307778305041841,0.0179908530314505,0.0175267694732416,0.976077660860556,TRUE
"H4","VN100-VNINDEX",1,75,144,0.000383079734510997,0.0200015491382346,0.0196741262464159,0.973486852321416,TRUE
"H4","VN100-VNINDEX",1,91,118,0.000475886547217778,0.0220525700168729,0.0221333246448598,0.974984169257069,FALSE
"H4","VN100-VNINDEX",1,110,98,0.000553161195930091,0.0238259994229148,0.0237997534125171,0.975501906663719,FALSE
"H4","VN100-VNINDEX",1,133,80,0.000733154146381822,0.0273547813610216,0.0274613750819897,0.975977413483445,FALSE
"H4","VN100-VNINDEX",1,162,66,0.000963541154198621,0.0315306992426491,0.0312623040997459,0.977497563139077,FALSE
"H4","VN100-VNINDEX",1,196,54,0.0010209406301759,0.0321663049692044,0.0325676571277328,0.974569454522093,FALSE
"H4","VN100-VNINDEX",1,238,44,0.00125729749496606,0.0360255599081865,0.0357662388738107,0.975784776262715,FALSE
"H4","VN100-VNINDEX",1,288,36,0.00153954780898634,0.0393364815244996,0.0400681851716152,0.976782783486366,FALSE
"H4","VN100-VNINDEX",1,350,30,0.00187057599857897,0.0434383239588281,0.0440950875555391,0.976589585079397,FALSE
"H4","VN100-VNINDEX",1,424,24,0.00231507797155806,0.0489746440180846,0.04856829257065,0.973288290895929,FALSE
"H4","VN100-VNINDEX",1,515,20,0.00276274016760906,0.0529375873203178,0.0536490797583354,0.972777733024932,FALSE
"H4","VN100-VNINDEX",1,624,16,0.00380307886316443,0.0629279373824404,0.0619692092926567,0.975249821924171,FALSE
"H4","VN100-VNINDEX",1,758,14,0.00338358074824921,0.0584615290484701,0.0595952847784307,0.971168250121265,FALSE
"H4","VN100-VNINDEX",1,919,10,0.00691487085762822,0.0860622370843861,0.0816987602766582,0.983458359674911,FALSE
"H4","VN100-VNINDEX",1,1115,8,0.00761694806057397,0.0931601921916792,0.0837710491364557,0.976015385683267,FALSE
"H4","VN100-VNINDEX",1,1352,8,0.00970096404278604,0.104265230414042,0.0945779278705611,0.98375191961669,FALSE
"H4","VN100-VNINDEX",2,5,2164,8.19303650445351e-06,0.00293355541890366,0.00287543916803929,0.97128438906699,TRUE
"H4","VN100-VNINDEX",2,6,1802,1.22400877499361e-05,0.00358467663632885,0.00350411499693816,0.974442451624352,TRUE
"H4","VN100-VNINDEX",2,7,1544,1.62115828350286e-05,0.00412146898704254,0.00403133845096428,0.975717563468826,TRUE
"H4","VN100-VNINDEX",2,9,1202,2.33787896598543e-05,0.0049684716595943,0.00482115915012173,0.975995327611348,TRUE
"H4","VN100-VNINDEX",2,11,982,2.87369541233142e-05,0.00549353824943284,0.00536323446900414,0.975352941736419,TRUE
"H4","VN100-VNINDEX",2,13,832,3.4828900815643e-05,0.00604326312993834,0.0059150250670273,0.974342563439269,TRUE
"H4","VN100-VNINDEX",2,16,676,4.46311204747984e-05,0.00684919630955209,0.00668368225983296,0.974950082918519,TRUE
"H4","VN100-VNINDEX",2,19,568,5.44046768014389e-05,0.00755862213994924,0.00738197433037251,0.975036938117001,TRUE
"H4","VN100-VNINDEX",2,23,470,6.79865422424742e-05,0.00844427293897893,0.00825938391154934,0.974794428024154,TRUE
"H4","VN100-VNINDEX",2,28,386,8.38103845731264e-05,0.00938915328745991,0.00915391274747156,0.975134755025869,TRUE
"H4","VN100-VNINDEX",2,34,318,9.97297724523082e-05,0.0102380448858376,0.00999884097928288,0.974222459381615,TRUE
"H4","VN100-VNINDEX",2,42,256,0.000123539559446255,0.0113852590981853,0.0111385272753437,0.974171359342808,TRUE
"H4","VN100-VNINDEX",2,51,212,0.000158018404435605,0.0128652247098773,0.0125822637258445,0.976183611404625,TRUE
"H4","VN100-VNINDEX",2,62,174,0.000193295319447468,0.0143188928822007,0.0138313957931959,0.975991170261951,TRUE
"H4","VN100-VNINDEX",2,75,144,0.000261365663473158,0.0165480472703473,0.0161553319641094,0.977655601558318,TRUE
"H4","VN100-VNINDEX",2,91,118,0.000296084083655705,0.0176634315126107,0.0171648146523131,0.976564347627472,FALSE
"H4","VN100-VNINDEX",2,110,98,0.000365005279106921,0.0193865718951931,0.0192625436870054,0.977427354140509,FALSE
"H4","VN100-VNINDEX",2,133,80,0.000414923525737423,0.0205979533065486,0.0206918007170389,0.973521849579585,FALSE
"H4","VN100-VNINDEX",2,162,66,0.000506690586793455,0.0227313553345281,0.0229518844369399,0.971178717533962,FALSE
"H4","VN100-VNINDEX",2,196,54,0.000675479303831476,0.0264305470946864,0.0262457248306742,0.973749669011782,FALSE
"H4","VN100-VNINDEX",2,238,44,0.000833186298182463,0.0294475582387927,0.0290061671659714,0.975444320556905,FALSE
"H4","VN100-VNINDEX",2,288,36,0.00105267600830715,0.0326390250034627,0.0330309354772032,0.976420017726672,FALSE
"H4","VN100-VNINDEX",2,350,30,0.00126666891380637,0.035977647894518,0.0360719213631179,0.976025287266523,FALSE
"H4","VN100-VNINDEX",2,424,24,0.00148976556930076,0.0391254779459012,0.0389483600157672,0.977617802119842,FALSE
"H4","VN100-VNINDEX",2,515,20,0.00162109090192334,0.0407192528256018,0.040856222847325,0.974427101448714,FALSE
"H4","VN100-VNINDEX",2,624,16,0.00199095903390796,0.0450004790479173,0.0455152874489298,0.972048416623706,FALSE
"H4","VN100-VNINDEX",2,758,14,0.00253356770035609,0.0506272875480936,0.0514080488386363,0.973456911761599,FALSE
"H4","VN100-VNINDEX",2,919,10,0.00336979602148858,0.0581820626349621,0.0593250979807798,0.976283693503031,FALSE
"H4","VN100-VNINDEX",2,1115,8,0.00303300193798608,0.0554324361218278,0.0566628792830488,0.965628518357012,FALSE
"H4","VN100-VNINDEX",2,1352,8,0.00523337589232797,0.0753986239904463,0.0711796501808714,0.975130319436036,FALSE
"H4","VN100-VNINDEX",3,5,2164,3.40557524025355e-06,0.00189459444419691,0.00185855800960182,0.967159494001032,TRUE
"H4","VN100-VNINDEX",3,6,1802,5.66910984052023e-06,0.002443329958894,0.00239352077778715,0.969383335657186,TRUE
"H4","VN100-VNINDEX",3,7,1544,9.46563870473144e-06,0.00314627759488399,0.00308874987351967,0.974025093379426,TRUE
"H4","VN100-VNINDEX",3,9,1202,1.49162339412152e-05,0.00396090864417474,0.00386239247573218,0.975007503341625,TRUE
"H4","VN100-VNINDEX",3,11,982,1.98917769973092e-05,0.00457249782741854,0.00446009709245673,0.9753843003587,TRUE
"H4","VN100-VNINDEX",3,13,832,2.47885285440414e-05,0.00510089197808173,0.0049849299075703,0.974867438931545,TRUE
"H4","VN100-VNINDEX",3,16,676,3.07935430243486e-05,0.0056980515041992,0.00554653315454321,0.974342567819225,TRUE
"H4","VN100-VNINDEX",3,19,568,3.69128555374541e-05,0.00623258214726543,0.0060759991597928,0.974747043387467,TRUE
"H4","VN100-VNINDEX",3,23,470,4.85525418778058e-05,0.00714617232797108,0.00697367404945085,0.97426441919386,TRUE
"H4","VN100-VNINDEX",3,28,386,6.1411097087573e-05,0.00804191399018768,0.00783002745219894,0.975268387905732,TRUE
"H4","VN100-VNINDEX",3,34,318,7.34940075642449e-05,0.00879222705798089,0.00857706167338134,0.974573283563177,TRUE
"H4","VN100-VNINDEX",3,42,256,8.9244681088794e-05,0.0096736514569675,0.00947784241285198,0.973380009618078,TRUE
"H4","VN100-VNINDEX",3,51,212,0.000114051031824769,0.0109682386434975,0.0106651704530348,0.97497735038142,TRUE
"H4","VN100-VNINDEX",3,62,174,0.000134857104348849,0.0119159344177588,0.0116169350312031,0.974213549340478,TRUE
"H4","VN100-VNINDEX",3,75,144,0.00017317256163996,0.0134633594181998,0.0131764550596988,0.976173595457124,TRUE
"H4","VN100-VNINDEX",3,91,118,0.000218824084415992,0.0151510908421652,0.0148042251329034,0.975585949539741,FALSE
"H4","VN100-VNINDEX",3,110,98,0.000271114457852595,0.0168544571753794,0.0164545050781322,0.977581747122856,FALSE
"H4","VN100-VNINDEX",3,133,80,0.000314923288515833,0.018082989331015,0.0178254253908168,0.977000191810561,FALSE
"H4","VN100-VNINDEX",3,162,66,0.000412052383420063,0.0206284618618414,0.0204252766420551,0.977952219524307,FALSE
"H4","VN100-VNINDEX",3,196,54,0.000432454652427199,0.0210979616446049,0.0210678549773231,0.972925878177118,FALSE
"H4","VN100-VNINDEX",3,238,44,0.000578281759256315,0.024307700687509,0.0244340954210989,0.973642108009284,FALSE
"H4","VN100-VNINDEX",3,288,36,0.000730372295825444,0.0274149696004569,0.0273725856138715,0.973286500896665,FALSE
"H4","VN100-VNINDEX",3,350,30,0.00100083104751435,0.0319763214445595,0.0320110857683316,0.977759092732772,FALSE
"H4","VN100-VNINDEX",3,424,24,0.00121081905186584,0.0352489907538545,0.0350674685489396,0.97955345969928,FALSE
"H4","VN100-VNINDEX",3,515,20,0.00140082415910709,0.0375968303763543,0.038077752085242,0.978500581690686,FALSE
"H4","VN100-VNINDEX",3,624,16,0.00155931479999421,0.0397585299404021,0.0401313126457972,0.977282490127984,FALSE
"H4","VN100-VNINDEX",3,758,14,0.00178907595418503,0.0425629050158104,0.0430336712736541,0.9767628170766,FALSE
"H4","VN100-VNINDEX",3,919,10,0.00243255841522557,0.04953968542118,0.0501430429992559,0.979263004235507,FALSE
"H4","VN100-VNINDEX",3,1115,8,0.0024263074071316,0.0496282067675737,0.0506088548312923,0.966030260665815,FALSE
"H4","VN100-VNINDEX",3,1352,8,0.00321310921782228,0.0569188948293912,0.0579643254446687,0.97388626950535,FALSE
"H4","Pcap-VN30",1,5,2164,1.76329965086629e-05,0.00451377114852957,0.00439709532541594,0.888424863838392,TRUE
"H4","Pcap-VN30",1,6,1802,2.40906247105568e-05,0.00528018497398417,0.00509091261611096,0.896196580858191,TRUE
"H4","Pcap-VN30",1,7,1544,2.92285923703545e-05,0.00582689827832472,0.00559215274838907,0.896997925004681,TRUE
"H4","Pcap-VN30",1,9,1202,3.99130639773836e-05,0.00681130772288301,0.00653668861255446,0.896451441333612,TRUE
"H4","Pcap-VN30",1,11,982,4.72841196505844e-05,0.00737240916196618,0.00719900632317269,0.890908951226167,TRUE
"H4","Pcap-VN30",1,13,832,5.58939649658648e-05,0.00812713033006602,0.00779015111790538,0.882839612746052,TRUE
"H4","Pcap-VN30",1,16,676,7.08595336405943e-05,0.00914112067603573,0.008787491247021,0.882132741902408,TRUE
"H4","Pcap-VN30",1,19,568,8.66818901639324e-05,0.0101256942068159,0.00964741013046596,0.887345647838228,TRUE
"H4","Pcap-VN30",1,23,470,0.000105036842090156,0.0111004968679868,0.0106751020102515,0.886394808716232,TRUE
"H4","Pcap-VN30",1,28,386,0.000134194313192138,0.0124696943902817,0.012068357274566,0.891723359360184,TRUE
"H4","Pcap-VN30",1,34,318,0.000162102534648002,0.0137438134281577,0.0132598317269786,0.889497110953038,TRUE
"H4","Pcap-VN30",1,42,256,0.000207045133019905,0.0157368333013822,0.0147689588436739,0.890836086558139,TRUE
"H4","Pcap-VN30",1,51,212,0.000255145177440211,0.0173166868096919,0.0165224656147958,0.891759418583513,TRUE
"H4","Pcap-VN30",1,62,174,0.000308904096408693,0.0192549181926991,0.0180893435863822,0.88686840237969,TRUE
"H4","Pcap-VN30",1,75,144,0.00038040620749063,0.0213098676255596,0.0201657055547899,0.88522449260999,TRUE
"H4","Pcap-VN30",1,91,118,0.000460657000326984,0.0235119974855092,0.0222665774431429,0.879902762366921,FALSE
"H4","Pcap-VN30",1,110,98,0.000534261170604542,0.0252166817456262,0.0241662746436278,0.876710014035443,FALSE
"H4","Pcap-VN30",1,133,80,0.00071143646365484,0.0293385494007446,0.0275360792906249,0.880633860231987,FALSE
"H4","Pcap-VN30",1,162,66,0.000954606948037395,0.0335932427972791,0.0316536107773535,0.897737577654848,FALSE
"H4","Pcap-VN30",1,196,54,0.000983431411569175,0.0344432906520797,0.0323964694344359,0.881336498892147,FALSE
"H4","Pcap-VN30",1,238,44,0.00124919421883851,0.0391345212067225,0.0359522261503454,0.887859311943056,FALSE
"H4","Pcap-VN30",1,288,36,0.00149317569125812,0.04246571024959,0.0392734778441057,0.895309426632514,FALSE
"H4","Pcap-VN30",1,350,30,0.00180877605870192,0.0466049141885543,0.0435647187132811,0.890877876474168,FALSE
"H4","Pcap-VN30",1,424,24,0.00234648113884499,0.054460930242665,0.04821020809924,0.893702569005675,FALSE
"H4","Pcap-VN30",1,515,20,0.00264478054403904,0.0549472569665555,0.0538709362544293,0.893488775745488,FALSE
"H4","Pcap-VN30",1,624,16,0.00378427486205473,0.0672438052548688,0.0632598750840231,0.889614926440605,FALSE
"H4","Pcap-VN30",1,758,14,0.00312107801136964,0.0611118154479693,0.0602089680178496,0.848239036402975,FALSE
"H4","Pcap-VN30",1,919,10,0.00718188114127349,0.0922916777171188,0.0858812472358356,0.906102501832142,FALSE
"H4","Pcap-VN30",1,1115,8,0.00812830704518722,0.0946533103501898,0.0955516963013254,0.898723073889084,FALSE
"H4","Pcap-VN30",1,1352,8,0.0102302524058646,0.105651979431857,0.106791227303723,0.906719870221574,FALSE
"H4","Pcap-VN30",2,5,2164,8.02367505908276e-06,0.00303281263930289,0.00300316460772091,0.880944632728789,TRUE
"H4","Pcap-VN30",2,6,1802,1.21491154093457e-05,0.00373598399086388,0.00364171935384786,0.892962409139198,TRUE
"H4","Pcap-VN30",2,7,1544,1.60402670991693e-05,0.00425016928738762,0.00419922631966167,0.89874416814583,TRUE
"H4","Pcap-VN30",2,9,1202,2.34089076858267e-05,0.00516540835073337,0.00504396459336813,0.898471818019554,TRUE
"H4","Pcap-VN30",2,11,982,2.85187595640384e-05,0.00571755210143878,0.00558389390369729,0.893271222449362,TRUE
"H4","Pcap-VN30",2,13,832,3.45574952190766e-05,0.00633775731955762,0.00612851577392621,0.889715881550466,TRUE
"H4","Pcap-VN30",2,16,676,4.44897576716091e-05,0.00717964744601775,0.00693983366576591,0.892910355972314,TRUE
"H4","Pcap-VN30",2,19,568,5.41185404271019e-05,0.00792963561366349,0.00766116604917978,0.890836430188624,TRUE
"H4","Pcap-VN30",2,23,470,6.7699045585184e-05,0.00892114019472641,0.00853635985810673,0.888974834390327,TRUE
"H4","Pcap-VN30",2,28,386,8.34601483471166e-05,0.00986732790266509,0.0095148567313317,0.888950008507208,TRUE
"H4","Pcap-VN30",2,34,318,9.94054852011675e-05,0.0108757720289458,0.0103411524220266,0.883855592977246,TRUE
"H4","Pcap-VN30",2,42,256,0.000122754348628441,0.0120985957612658,0.0115061253427302,0.881805532137486,TRUE
"H4","Pcap-VN30",2,51,212,0.00015766445011173,0.0136741315601998,0.0129681300093796,0.889112407184319,TRUE
"H4","Pcap-VN30",2,62,174,0.000195550601679149,0.0150863400867233,0.0144557160867893,0.896676221104501,TRUE
"H4","Pcap-VN30",2,75,144,0.000262662296019447,0.0174824717185949,0.016654000909819,0.902144940593172,TRUE
"H4","Pcap-VN30",2,91,118,0.000297951388322087,0.0187879884387149,0.0177819030724566,0.89183988391569,FALSE
"H4","Pcap-VN30",2,110,98,0.000355683566384157,0.0205601532737273,0.0196073262251439,0.882305684647258,FALSE
"H4","Pcap-VN30",2,133,80,0.000401562144541956,0.0221653066849026,0.0207583119379671,0.872744230260596,FALSE
"H4","Pcap-VN30",2,162,66,0.000486791972442577,0.0244933374600164,0.0229467075021021,0.866114006461475,FALSE
"H4","Pcap-VN30",2,196,54,0.000670279206241093,0.0287933832544289,0.0263946314285492,0.881957071598073,FALSE
"H4","Pcap-VN30",2,238,44,0.000836487080636326,0.0320416179379962,0.0293461728351746,0.889597039903251,FALSE
"H4","Pcap-VN30",2,288,36,0.00102207757223002,0.0350745781877148,0.0327085844674591,0.890901422072467,FALSE
"H4","Pcap-VN30",2,350,30,0.00125062187222409,0.0388269731747905,0.035902851540032,0.897146858855826,FALSE
"H4","Pcap-VN30",2,424,24,0.00147053137900919,0.0419334780705593,0.0392128039311608,0.894304699421494,FALSE
"H4","Pcap-VN30",2,515,20,0.00160308551211503,0.0447804236941932,0.0404241454198522,0.885579680732271,FALSE
"H4","Pcap-VN30",2,624,16,0.00192235033443967,0.0493408974511307,0.0450778794155874,0.864295029837568,FALSE
"H4","Pcap-VN30",2,758,14,0.00238904476080586,0.0519671111325727,0.0519161102221973,0.885510195658023,FALSE
"H4","Pcap-VN30",2,919,10,0.00328104936671713,0.0628475450072065,0.057964545174404,0.900662362888221,FALSE
"H4","Pcap-VN30",2,1115,8,0.00285203663497051,0.0620730373924422,0.0557612219356332,0.823985976707681,FALSE
"H4","Pcap-VN30",2,1352,8,0.00514887045724276,0.0760481426597087,0.0784996521531553,0.862493084151293,FALSE
"H4","Pcap-VN30",3,5,2164,3.29476729830571e-06,0.00192680739675064,0.00195881091426782,0.872959160743686,TRUE
"H4","Pcap-VN30",3,6,1802,5.50154069430353e-06,0.00249949254465575,0.00251899675341409,0.873785585956866,TRUE
"H4","Pcap-VN30",3,7,1544,9.28886436170947e-06,0.00322529320228106,0.00321833097288325,0.894875699977147,TRUE
"H4","Pcap-VN30",3,9,1202,1.48901302423922e-05,0.00413047376435038,0.00401682449735007,0.897461385438747,TRUE
"H4","Pcap-VN30",3,11,982,1.9782779660957e-05,0.00475956914434702,0.00464504474580564,0.894807821452636,TRUE
"H4","Pcap-VN30",3,13,832,2.47620951363046e-05,0.00536098634565673,0.00515749442067506,0.895579038044579,TRUE
"H4","Pcap-VN30",3,16,676,3.07337845809832e-05,0.00597825286076,0.00577693439083703,0.889906394211413,TRUE
"H4","Pcap-VN30",3,19,568,3.6829296623503e-05,0.00656483004627204,0.00630875467465465,0.889254963169758,TRUE
"H4","Pcap-VN30",3,23,470,4.83858309988926e-05,0.00747446004051031,0.00724735255822625,0.893221135901653,TRUE
"H4","Pcap-VN30",3,28,386,6.11372158454919e-05,0.00841688055705869,0.00816245013462588,0.889885134546596,TRUE
"H4","Pcap-VN30",3,34,318,7.31425800948546e-05,0.00929596255781226,0.00889957994792345,0.884110200532883,TRUE
"H4","Pcap-VN30",3,42,256,8.83580255623602e-05,0.0102568930587919,0.00979398188822812,0.879570952671685,TRUE
"H4","Pcap-VN30",3,51,212,0.00011447417089911,0.0116269249671134,0.0110681694441174,0.889542777300215,TRUE
"H4","Pcap-VN30",3,62,174,0.00013474916097229,0.0125984340029589,0.012045969436776,0.887907547182084,TRUE
"H4","Pcap-VN30",3,75,144,0.000172114712562033,0.0140634146453457,0.0136454176047586,0.896892480346923,TRUE
"H4","Pcap-VN30",3,91,118,0.00021871322066662,0.0158842891774821,0.0153205313515221,0.898738658777603,FALSE
"H4","Pcap-VN30",3,110,98,0.000270536426500313,0.0176735220575285,0.0170454236253133,0.898038268412482,FALSE
"H4","Pcap-VN30",3,133,80,0.000310339845065696,0.0191192721487543,0.018279702646592,0.88796747204033,FALSE
"H4","Pcap-VN30",3,162,66,0.000403745712462669,0.0217698637476576,0.0208646159187331,0.888877305310623,FALSE
"H4","Pcap-VN30",3,196,54,0.000420787969722106,0.0232249817448434,0.0211512042921103,0.856589671752802,FALSE
"H4","Pcap-VN30",3,238,44,0.000561698928369124,0.0262762958837109,0.0244224915972327,0.875284993884819,FALSE
"H4","Pcap-VN30",3,288,36,0.000717474135743679,0.0295103407618753,0.0275229031868755,0.88336010799288,FALSE
"H4","Pcap-VN30",3,350,30,0.000989236432376865,0.0344472309378551,0.0319048900520728,0.900095382096355,FALSE
"H4","Pcap-VN30",3,424,24,0.00120078570632205,0.0376008589338993,0.0352737078409311,0.905350259226279,FALSE
"H4","Pcap-VN30",3,515,20,0.00137096185164508,0.0405479112833735,0.037459899872736,0.902589486470349,FALSE
"H4","Pcap-VN30",3,624,16,0.00151710960813438,0.0427318840361165,0.0398357620084982,0.891234086971776,FALSE
"H4","Pcap-VN30",3,758,14,0.00171754639878697,0.0446021447747134,0.0431350952849806,0.892733790516627,FALSE
"H4","Pcap-VN30",3,919,10,0.00241209372209843,0.0550606871430276,0.0486669462483508,0.900157398523004,FALSE
"H4","Pcap-VN30",3,1115,8,0.00230892701395218,0.0553339800290509,0.0497667019465133,0.838454374703466,FALSE
"H4","Pcap-VN30",3,1352,8,0.0028715643576246,0.0551431116228979,0.0602093858362397,0.864894405744234,FALSE
"H4","Pheur-VN30",1,5,2164,-2.66338909128233e-05,0.0563041334357528,0.00439709532541594,-0.107579236326411,TRUE
"H4","Pheur-VN30",1,6,1802,-2.3436620731634e-05,0.063457348904577,0.00509091261611096,-0.0725466604123858,TRUE
"H4","Pheur-VN30",1,7,1544,-2.39395191113329e-05,0.069719377437802,0.00559215274838907,-0.0614020535747863,TRUE
"H4","Pheur-VN30",1,9,1202,-3.33312807284589e-05,0.0817071698186386,0.00653668861255446,-0.062407105025415,TRUE
"H4","Pheur-VN30",1,11,982,-7.08746156218748e-05,0.090998739059009,0.00719900632317269,-0.108188920403094,TRUE
"H4","Pheur-VN30",1,13,832,-6.87929157788009e-05,0.103504708554993,0.00779015111790538,-0.0853174227840256,TRUE
"H4","Pheur-VN30",1,16,676,-9.46216877685949e-05,0.11681897119459,0.008787491247021,-0.0921748432436219,TRUE
"H4","Pheur-VN30",1,19,568,-7.95840937399814e-05,0.12641267140108,0.00964741013046596,-0.0652566724206377,TRUE
"H4","Pheur-VN30",1,23,470,-0.000127061065755884,0.139343721921906,0.0106751020102515,-0.0854187188631958,TRUE
"H4","Pheur-VN30",1,28,386,-0.000163726269441558,0.153074832681567,0.012068357274566,-0.0886270745947102,TRUE
"H4","Pheur-VN30",1,34,318,-0.000194868340687554,0.170305868433091,0.0132598317269786,-0.0862926211993026,TRUE
"H4","Pheur-VN30",1,42,256,-8.11470727105494e-05,0.193240817490142,0.0147689588436739,-0.0284330933854567,TRUE
"H4","Pheur-VN30",1,51,212,-0.000209174762750926,0.212083738048576,0.0165224656147958,-0.0596935021176596,TRUE
"H4","Pheur-VN30",1,62,174,-0.000167736584809957,0.240528652392473,0.0180893435863822,-0.0385512239174668,TRUE
"H4","Pheur-VN30",1,75,144,-0.00030253006839104,0.268229573137171,0.0201657055547899,-0.0559304695633279,TRUE
"H4","Pheur-VN30",1,91,118,-0.000453675678860945,0.302517416865995,0.0222665774431429,-0.0673506275765147,FALSE
"H4","Pheur-VN30",1,110,98,-0.000760030768263294,0.329215765410196,0.0241662746436278,-0.0955302342949183,FALSE
"H4","Pheur-VN30",1,133,80,-0.00050614495868753,0.376002135561846,0.0275360792906249,-0.0488857745329233,FALSE
"H4","Pheur-VN30",1,162,66,-0.000277151947855149,0.399918568329938,0.0316536107773535,-0.0218938989029311,FALSE
"H4","Pheur-VN30",1,196,54,-0.000736297019598384,0.440266168019125,0.0323964694344359,-0.0516226203559206,FALSE
"H4","Pheur-VN30",1,238,44,0.000120873779955361,0.486492588093255,0.0359522261503454,0.00691082807057976,FALSE
"H4","Pheur-VN30",1,288,36,0.00021234212959207,0.511088320353155,0.0392734778441057,0.0105789082498527,FALSE
"H4","Pheur-VN30",1,350,30,-0.000509576575560626,0.572071180601164,0.0435647187132811,-0.0204467587104736,FALSE
"H4","Pheur-VN30",1,424,24,0.00292554399586893,0.662931871440541,0.04821020809924,0.0915374328701009,FALSE
"H4","Pheur-VN30",1,515,20,-0.00404935808035929,0.670899687813729,0.0538709362544293,-0.112040250049005,FALSE
"H4","Pheur-VN30",1,624,16,-0.00187541450060024,0.830253217078149,0.0632598750840231,-0.0357074118338456,FALSE
"H4","Pheur-VN30",1,758,14,-0.00999264971688907,0.890038113809724,0.0602089680178496,-0.186470817899297,FALSE
"H4","Pheur-VN30",1,919,10,0.00214216592095108,1.05517250277957,0.0858812472358356,0.023639119592202,FALSE
"H4","Pheur-VN30",1,1115,8,-0.0179361766171812,1.13700392498723,0.0955516963013254,-0.165093322012641,FALSE
"H4","Pheur-VN30",1,1352,8,-0.0203168340398137,1.21874265186793,0.106791227303723,-0.156101992009227,FALSE
"H4","Pheur-VN30",2,5,2164,-1.78717747381549e-05,0.039228623390158,0.00300316460772091,-0.151699963578454,TRUE
"H4","Pheur-VN30",2,6,1802,-1.68080795908551e-05,0.0456680985432169,0.00364171935384786,-0.10106451407019,TRUE
"H4","Pheur-VN30",2,7,1544,-2.54111438480815e-05,0.0507111250021683,0.00419922631966167,-0.119330562438524,TRUE
"H4","Pheur-VN30",2,9,1202,-2.94753864941117e-05,0.061546859990583,0.00504396459336813,-0.0949470723951697,TRUE
"H4","Pheur-VN30",2,11,982,-4.07157587373359e-05,0.0698197199313915,0.00558389390369729,-0.104435288778622,TRUE
"H4","Pheur-VN30",2,13,832,-4.35254221877121e-05,0.0784901118263744,0.00612851577392621,-0.0904841969354615,TRUE
"H4","Pheur-VN30",2,16,676,-5.10330555181419e-05,0.0876426335528343,0.00693983366576591,-0.0839048550127443,TRUE
"H4","Pheur-VN30",2,19,568,-6.49079293865564e-05,0.0977006779758358,0.00766116604917978,-0.086717211109685,TRUE
"H4","Pheur-VN30",2,23,470,-6.68198320905382e-05,0.110655476839568,0.00853635985810673,-0.0707391360023953,TRUE
"H4","Pheur-VN30",2,28,386,-0.000100542195231681,0.122554374014429,0.0095148567313317,-0.0862218414714256,TRUE
"H4","Pheur-VN30",2,34,318,-9.66063177785156e-05,0.137760065183852,0.0103411524220266,-0.0678130456375132,TRUE
"H4","Pheur-VN30",2,42,256,-0.000127961710765846,0.154556594558451,0.0115061253427302,-0.0719554008434965,TRUE
"H4","Pheur-VN30",2,51,212,-0.000115722272072492,0.169322045245203,0.0129681300093796,-0.052701877894753,TRUE
"H4","Pheur-VN30",2,62,174,-0.000153524672552576,0.180746978107847,0.0144557160867893,-0.0587580703227169,TRUE
"H4","Pheur-VN30",2,75,144,-0.000119619291316806,0.203903791945688,0.016654000909819,-0.0352255139859963,TRUE
"H4","Pheur-VN30",2,91,118,-0.000176723270557334,0.229827444372779,0.0177819030724566,-0.0432427807610873,FALSE
"H4","Pheur-VN30",2,110,98,-0.000392665068138853,0.262215826955018,0.0196073262251439,-0.0763739041048214,FALSE
"H4","Pheur-VN30",2,133,80,-0.000361920522661388,0.292861384044478,0.0207583119379671,-0.0595331779159814,FALSE
"H4","Pheur-VN30",2,162,66,-0.000547634327772571,0.331628267285236,0.0229467075021021,-0.0719645711893977,FALSE
"H4","Pheur-VN30",2,196,54,-1.65047181780048e-05,0.366654976582177,0.0263946314285492,-0.00170543403980627,FALSE
"H4","Pheur-VN30",2,238,44,0.000193583215045833,0.395447868840733,0.0293461728351746,0.0166811884240882,FALSE
"H4","Pheur-VN30",2,288,36,-0.000220863450538248,0.430456527042222,0.0327085844674591,-0.0156867438822909,FALSE
"H4","Pheur-VN30",2,350,30,0.000251748940457527,0.463427626661513,0.035902851540032,0.0151306222205346,FALSE
"H4","Pheur-VN30",2,424,24,-0.000275547028855367,0.506984606682335,0.0392128039311608,-0.0138603137520428,FALSE
"H4","Pheur-VN30",2,515,20,0.000795877112848649,0.56229990141494,0.0404241454198522,0.0350136318379038,FALSE
"H4","Pheur-VN30",2,624,16,-0.000930816409106411,0.670822314647789,0.0450778794155874,-0.030781731982855,FALSE
"H4","Pheur-VN30",2,758,14,-0.00557838610144108,0.661117961390112,0.0519161102221973,-0.1625277293821,FALSE
"H4","Pheur-VN30",2,919,10,0.00122988048603286,0.73810244472213,0.057964545174404,0.0287464245005599,FALSE
"H4","Pheur-VN30",2,1115,8,-0.00384158185197866,0.952719927635156,0.0557612219356332,-0.0723123640159085,FALSE
"H4","Pheur-VN30",2,1352,8,-0.0212149484942174,1.07431899630091,0.0784996521531553,-0.251559657255662,FALSE
"H4","Pheur-VN30",3,5,2164,-1.08110221951693e-05,0.0259858493891436,0.00195881091426782,-0.21239159520021,TRUE
"H4","Pheur-VN30",3,6,1802,-1.645182675361e-05,0.0334833314017344,0.00251899675341409,-0.195055346294711,TRUE
"H4","Pheur-VN30",3,7,1544,-1.85179943062612e-05,0.0393144668360511,0.00321833097288325,-0.146356107695093,TRUE
"H4","Pheur-VN30",3,9,1202,-1.74946764518303e-05,0.0494154669250115,0.00401682449735007,-0.088137383707452,TRUE
"H4","Pheur-VN30",3,11,982,-2.68831546322241e-05,0.0577001668159995,0.00464504474580564,-0.100302846823167,TRUE
"H4","Pheur-VN30",3,13,832,-2.30483991599405e-05,0.0645937928744378,0.00515749442067506,-0.0691848833762422,TRUE
"H4","Pheur-VN30",3,16,676,-3.79303029665543e-05,0.0739661014115132,0.00577693439083703,-0.088767941278842,TRUE
"H4","Pheur-VN30",3,19,568,-4.04699467130161e-05,0.0813811373772838,0.00630875467465465,-0.0788252283941342,TRUE
"H4","Pheur-VN30",3,23,470,-5.92805996022502e-05,0.0911628315978555,0.00724735255822625,-0.0897253978502277,TRUE
"H4","Pheur-VN30",3,28,386,-8.16546529211613e-05,0.10421765060356,0.00816245013462588,-0.0959884806351109,TRUE
"H4","Pheur-VN30",3,34,318,-8.45198234533268e-05,0.117740788974558,0.00889957994792345,-0.0806607267609942,TRUE
"H4","Pheur-VN30",3,42,256,-0.00010843708723329,0.132305000653131,0.00979398188822812,-0.0836839723889726,TRUE
"H4","Pheur-VN30",3,51,212,-9.44487880429338e-05,0.143762669626804,0.0110681694441174,-0.0593573442188153,TRUE
"H4","Pheur-VN30",3,62,174,-0.000134690054902108,0.156978085779258,0.012045969436776,-0.0712286550642013,TRUE
"H4","Pheur-VN30",3,75,144,-0.000194277133044958,0.168635923198078,0.0136454176047586,-0.0844276614661835,TRUE
"H4","Pheur-VN30",3,91,118,-0.000197703116053443,0.188616827161775,0.0153205313515221,-0.0684162476852643,FALSE
"H4","Pheur-VN30",3,110,98,-0.000250067633870214,0.210566969169341,0.0170454236253133,-0.0696721864334626,FALSE
"H4","Pheur-VN30",3,133,80,-0.000309068052373,0.238164615799813,0.018279702646592,-0.0709917284070644,FALSE
"H4","Pheur-VN30",3,162,66,-0.000418044362708463,0.270206396029761,0.0208646159187331,-0.0741508872478015,FALSE
"H4","Pheur-VN30",3,196,54,-0.000270890072554076,0.324027952013168,0.0211512042921103,-0.0395253308267624,FALSE
"H4","Pheur-VN30",3,238,44,-0.000342635278291947,0.343604515035242,0.0244224915972327,-0.040830363453724,FALSE
"H4","Pheur-VN30",3,288,36,-0.000324149841915114,0.373869008189272,0.0275229031868755,-0.0315015632354121,FALSE
"H4","Pheur-VN30",3,350,30,0.000242919696526976,0.405555933011717,0.0319048900520728,0.0187739094280542,FALSE
"H4","Pheur-VN30",3,424,24,7.03731718322598e-05,0.431408747272853,0.0352737078409311,0.0046245242985514,FALSE
"H4","Pheur-VN30",3,515,20,0.000531070041221113,0.471823425181208,0.037459899872736,0.0300473164869665,FALSE
"H4","Pheur-VN30",3,624,16,-0.000298323048013813,0.523666646749798,0.0398357620084982,-0.0143007483596578,FALSE
"H4","Pheur-VN30",3,758,14,-0.00200524770548919,0.544950899374009,0.0431350952849806,-0.0853060617396212,FALSE
"H4","Pheur-VN30",3,919,10,0.0035470151947282,0.652024744325807,0.0486669462483508,0.11178019821417,FALSE
"H4","Pheur-VN30",3,1115,8,-0.00205668725324969,0.815761794501897,0.0497667019465133,-0.0506600989718369,FALSE
"H4","Pheur-VN30",3,1352,8,-0.0167351046132321,0.797799079169293,0.0602093858362397,-0.348394029336661,FALSE
"H4","Pratio-VN30",1,5,2164,-5.40015447025973e-07,0.000668966895180035,0.00439709532541594,-0.183584358142437,TRUE
"H4","Pratio-VN30",1,6,1802,-5.7978882610392e-07,0.000752176023623232,0.00509091261611096,-0.15141005350336,TRUE
"H4","Pratio-VN30",1,7,1544,-6.48602220796177e-07,0.000825673486543138,0.00559215274838907,-0.140472420780093,TRUE
"H4","Pratio-VN30",1,9,1202,-8.93513862220462e-07,0.000967691184973174,0.00653668861255446,-0.14125593777697,TRUE
"H4","Pratio-VN30",1,11,982,-1.44142825405e-06,0.00108143509757295,0.00719900632317269,-0.185148422121857,TRUE
"H4","Pratio-VN30",1,13,832,-1.52106564445105e-06,0.00122712710019183,0.00779015111790538,-0.159115514529184,TRUE
"H4","Pratio-VN30",1,16,676,-2.01871920433045e-06,0.00138567022442663,0.008787491247021,-0.165787248667275,TRUE
"H4","Pratio-VN30",1,19,568,-2.02829258737324e-06,0.00149671393845232,0.00964741013046596,-0.1404691837238,TRUE
"H4","Pratio-VN30",1,23,470,-2.83138171125262e-06,0.0016523905127329,0.0106751020102515,-0.160514287708569,TRUE
"H4","Pratio-VN30",1,28,386,-3.63435800392615e-06,0.00181631752277753,0.012068357274566,-0.165801239906916,TRUE
"H4","Pratio-VN30",1,34,318,-4.35471744340493e-06,0.00202008880078235,0.0132598317269786,-0.16257415572241,TRUE
"H4","Pratio-VN30",1,42,256,-3.51568072372291e-06,0.00228164045520886,0.0147689588436739,-0.104330752285012,TRUE
"H4","Pratio-VN30",1,51,212,-5.66427762760867e-06,0.0025105388250336,0.0165224656147958,-0.136553467560151,TRUE
"H4","Pratio-VN30",1,62,174,-5.81457937370417e-06,0.00284176004625163,0.0180893435863822,-0.113111846368685,TRUE
"H4","Pratio-VN30",1,75,144,-8.33119651713967e-06,0.0031731184095476,0.0201657055547899,-0.130199008925698,TRUE
"H4","Pratio-VN30",1,91,118,-1.11540205160772e-05,0.00358097952378294,0.0222665774431429,-0.139886606170032,FALSE
"H4","Pratio-VN30",1,110,98,-1.57891751749998e-05,0.00390483913874666,0.0241662746436278,-0.167319511750502,FALSE
"H4","Pratio-VN30",1,133,80,-1.48533771940244e-05,0.00444467715337768,0.0275360792906249,-0.121362044921039,FALSE
"H4","Pratio-VN30",1,162,66,-1.5026329374827e-05,0.00472086625905193,0.0316536107773535,-0.100555990736609,FALSE
"H4","Pratio-VN30",1,196,54,-2.09791103828429e-05,0.00520558971887073,0.0323964694344359,-0.124399733121141,FALSE
"H4","Pratio-VN30",1,238,44,-1.37644750214871e-05,0.00572777020975298,0.0359522261503454,-0.0668418218738161,FALSE
"H4","Pratio-VN30",1,288,36,-1.56249953104506e-05,0.00601686856900955,0.0392734778441057,-0.0661226132305689,FALSE
"H4","Pratio-VN30",1,350,30,-2.82817769009769e-05,0.0067503204062292,0.0435647187132811,-0.0961717215969673,FALSE
"H4","Pratio-VN30",1,424,24,7.06403602798041e-06,0.00775651465995688,0.04821020809924,0.0188906665362321,FALSE
"H4","Pratio-VN30",1,515,20,-8.16623546916409e-05,0.007977160381412,0.0538709362544293,-0.190028636103306,FALSE
"H4","Pratio-VN30",1,624,16,-6.90430219794225e-05,0.00980813700561856,0.0632598750840231,-0.111276879476879,FALSE
"H4","Pratio-VN30",1,758,14,-0.000159975456912639,0.010610441213067,0.0602089680178496,-0.250414073102626,FALSE
"H4","Pratio-VN30",1,919,10,-6.14799057741082e-05,0.0124128899429013,0.0858812472358356,-0.0576715927098338,FALSE
"H4","Pratio-VN30",1,1115,8,-0.000317962807333128,0.0135875074165995,0.0955516963013254,-0.244905268113689,FALSE
"H4","Pratio-VN30",1,1352,8,-0.000372646452081415,0.0145658830292086,0.106791227303723,-0.2395656764229,FALSE
"H4","Pratio-VN30",2,5,2164,-3.15900749132115e-07,0.000467494634167863,0.00300316460772091,-0.225006408796142,TRUE
"H4","Pratio-VN30",2,6,1802,-3.53251233902245e-07,0.000542484287935005,0.00364171935384786,-0.178809277824598,TRUE
"H4","Pratio-VN30",2,7,1544,-5.05669214991441e-07,0.000603608612759126,0.00419922631966167,-0.199499496933843,TRUE
"H4","Pratio-VN30",2,9,1202,-6.45139909890556e-07,0.000731034631752489,0.00504396459336813,-0.174962078088565,TRUE
"H4","Pratio-VN30",2,11,982,-8.44597655899295e-07,0.000829630449075082,0.00558389390369729,-0.182317363007337,TRUE
"H4","Pratio-VN30",2,13,832,-9.52540013645814e-07,0.000931345099144973,0.00612851577392621,-0.166884993607955,TRUE
"H4","Pratio-VN30",2,16,676,-1.16529075502166e-06,0.0010396058331538,0.00693983366576591,-0.161516364951022,TRUE
"H4","Pratio-VN30",2,19,568,-1.45201381999919e-06,0.00115902159661683,0.00766116604917978,-0.163525070882924,TRUE
"H4","Pratio-VN30",2,23,470,-1.64100699400495e-06,0.00131084698912032,0.00853635985810673,-0.146651232161653,TRUE
"H4","Pratio-VN30",2,28,386,-2.24465991646169e-06,0.00145362329046226,0.0095148567313317,-0.16229174323532,TRUE
"H4","Pratio-VN30",2,34,318,-2.39116431206471e-06,0.00163109113570328,0.0103411524220266,-0.141762790481749,TRUE
"H4","Pratio-VN30",2,42,256,-3.05850609285627e-06,0.00183035966845493,0.0115061253427302,-0.145225811397717,TRUE
"H4","Pratio-VN30",2,51,212,-3.33506739666592e-06,0.00200293426971522,0.0129681300093796,-0.128398680796383,TRUE
"H4","Pratio-VN30",2,62,174,-4.25839834784646e-06,0.00214003796362823,0.0144557160867893,-0.137652846648795,TRUE
"H4","Pratio-VN30",2,75,144,-4.66348492744913e-06,0.00241020580289193,0.016654000909819,-0.116181737122417,TRUE
"H4","Pratio-VN30",2,91,118,-5.79059570342095e-06,0.00271697024814241,0.0177819030724566,-0.119856094568235,FALSE
"H4","Pratio-VN30",2,110,98,-9.12916732896555e-06,0.00310648721326958,0.0196073262251439,-0.149879840538717,FALSE
"H4","Pratio-VN30",2,133,80,-9.31378865427719e-06,0.00346348714641227,0.0207583119379671,-0.129545032627379,FALSE
"H4","Pratio-VN30",2,162,66,-1.26190526026228e-05,0.00392444077070811,0.0229467075021021,-0.14012918366817,FALSE
"H4","Pratio-VN30",2,196,54,-8.3781343021516e-06,0.00431897210916939,0.0263946314285492,-0.0734939037769231,FALSE
"H4","Pratio-VN30",2,238,44,-7.8428378093524e-06,0.00465258012008938,0.0293461728351746,-0.0574417817016822,FALSE
"H4","Pratio-VN30",2,288,36,-1.51627410720399e-05,0.00507739475083769,0.0327085844674591,-0.0913008959901131,FALSE
"H4","Pratio-VN30",2,350,30,-1.21853340993712e-05,0.00545408723024119,0.035902851540032,-0.0622280824418635,FALSE
"H4","Pratio-VN30",2,424,24,-2.13005559434865e-05,0.0059799786152222,0.0392128039311608,-0.090837131180501,FALSE
"H4","Pratio-VN30",2,515,20,-9.8472025020078e-06,0.00660608982333273,0.0404241454198522,-0.0368746194431491,FALSE
"H4","Pratio-VN30",2,624,16,-3.48060187694119e-05,0.00791453975128222,0.0450778794155874,-0.0975585210298412,FALSE
"H4","Pratio-VN30",2,758,14,-9.71953527646607e-05,0.00788862785301314,0.0519161102221973,-0.237324123669812,FALSE
"H4","Pratio-VN30",2,919,10,-2.50223800350335e-05,0.00867805711281025,0.057964545174404,-0.0497443407106429,FALSE
"H4","Pratio-VN30",2,1115,8,-8.16560094915717e-05,0.011258468884743,0.0557612219356332,-0.130069819675708,FALSE
"H4","Pratio-VN30",2,1352,8,-0.00032161442345898,0.0128835537956063,0.0784996521531553,-0.318003653691575,FALSE
"H4","Pratio-VN30",3,5,2164,-1.72077701023917e-07,0.000310971561681868,0.00195881091426782,-0.28249541622979,TRUE
"H4","Pratio-VN30",3,6,1802,-2.67810958182633e-07,0.000400173163372444,0.00251899675341409,-0.265676276047925,TRUE
"H4","Pratio-VN30",3,7,1544,-3.39218185163934e-07,0.000468876127966892,0.00321833097288325,-0.224796890476587,TRUE
"H4","Pratio-VN30",3,9,1202,-3.95064954472987e-07,0.000586556181394841,0.00401682449735007,-0.167677979808934,TRUE
"H4","Pratio-VN30",3,11,982,-5.69281619651128e-07,0.000685462566821097,0.00464504474580564,-0.17879423738274,TRUE
"H4","Pratio-VN30",3,13,832,-5.83244202468786e-07,0.000765400991442891,0.00515749442067506,-0.147748351268698,TRUE
"H4","Pratio-VN30",3,16,676,-8.37638923617155e-07,0.000877552184035479,0.00577693439083703,-0.165229071885216,TRUE
"H4","Pratio-VN30",3,19,568,-9.42979908383588e-07,0.000964704355853202,0.00630875467465465,-0.154940359935922,TRUE
"H4","Pratio-VN30",3,23,470,-1.31343175536997e-06,0.00108190727355489,0.00724735255822625,-0.167508975687474,TRUE
"H4","Pratio-VN30",3,28,386,-1.74192990145206e-06,0.00123719369066705,0.00816245013462588,-0.172493381686865,TRUE
"H4","Pratio-VN30",3,34,318,-1.92333679394718e-06,0.0013954952445295,0.00889957994792345,-0.154866495293066,TRUE
"H4","Pratio-VN30",3,42,256,-2.4007199737583e-06,0.0015680852117999,0.00979398188822812,-0.156319281461423,TRUE
"H4","Pratio-VN30",3,51,212,-2.54866857913118e-06,0.00170153497033712,0.0110681694441174,-0.135330811617057,TRUE
"H4","Pratio-VN30",3,62,174,-3.28691143837053e-06,0.00185955270248742,0.012045969436776,-0.146736364317814,TRUE
"H4","Pratio-VN30",3,75,144,-4.46964464450014e-06,0.00200097838678338,0.0136454176047586,-0.163698148432898,TRUE
"H4","Pratio-VN30",3,91,118,-5.07989757856025e-06,0.00223532278914924,0.0153205313515221,-0.148334059519803,FALSE
"H4","Pratio-VN30",3,110,98,-6.35089229806739e-06,0.00249560507822092,0.0170454236253133,-0.149297002399528,FALSE
"H4","Pratio-VN30",3,133,80,-7.55620853668668e-06,0.00282123933248342,0.018279702646592,-0.146519314558073,FALSE
"H4","Pratio-VN30",3,162,66,-1.00250855810037e-05,0.0032017827083055,0.0208646159187331,-0.150067220730086,FALSE
"H4","Pratio-VN30",3,196,54,-8.43783805356353e-06,0.00382442396417562,0.0211512042921103,-0.104310987044813,FALSE
"H4","Pratio-VN30",3,238,44,-1.10320483168628e-05,0.00405836340540747,0.0244224915972327,-0.111305148430455,FALSE
"H4","Pratio-VN30",3,288,36,-1.27068576693145e-05,0.00441407676626536,0.0275229031868755,-0.104593342276376,FALSE
"H4","Pratio-VN30",3,350,30,-9.10438002779762e-06,0.00477198951659954,0.0319048900520728,-0.0597989618151532,FALSE
"H4","Pratio-VN30",3,424,24,-1.37899966700614e-05,0.00508299888432786,0.0352737078409311,-0.0769118102686701,FALSE
"H4","Pratio-VN30",3,515,20,-1.02459101572027e-05,0.00554701507004969,0.037459899872736,-0.0493088172491761,FALSE
"H4","Pratio-VN30",3,624,16,-2.21466141954128e-05,0.00617624453976393,0.0398357620084982,-0.090013930970901,FALSE
"H4","Pratio-VN30",3,758,14,-4.54146753817297e-05,0.00646481159075845,0.0431350952849806,-0.162858181139549,FALSE
"H4","Pratio-VN30",3,919,10,1.384500158202e-05,0.0076170054040658,0.0486669462483508,0.0373486277703417,FALSE
"H4","Pratio-VN30",3,1115,8,-5.32564920953022e-05,0.00963053832984207,0.0497667019465133,-0.111117671461888,FALSE
"H4","Pratio-VN30",3,1352,8,-0.000239183387984231,0.00964143255904312,0.0602093858362397,-0.41202659410546,FALSE
"H4","Pres-VN30",1,5,2164,-1.45175206355354e-09,0.000657597189296657,0.00439709532541594,-0.000502072717860414,TRUE
"H4","Pres-VN30",1,6,1802,1.42143680486306e-07,0.000744028295597559,0.00509091261611096,0.0375268802635404,TRUE
"H4","Pres-VN30",1,7,1544,2.2248845143212e-07,0.000818454182341129,0.00559215274838907,0.0486109462892351,TRUE
"H4","Pres-VN30",1,9,1202,2.96688769473814e-07,0.000959062867720106,0.00653668861255446,0.047325611438106,TRUE
"H4","Pres-VN30",1,11,982,2.18354231521496e-09,0.00106273774300461,0.00719900632317269,0.00028540590398666,TRUE
"H4","Pres-VN30",1,13,832,1.69363910053222e-07,0.00121168852510508,0.00779015111790538,0.0179425429307299,TRUE
"H4","Pres-VN30",1,16,676,1.3225460833771e-07,0.00136657756438405,0.008787491247021,0.011013151709668,TRUE
"H4","Pres-VN30",1,19,568,5.64255349962057e-07,0.00148302786706144,0.00964741013046596,0.0394380680556875,TRUE
"H4","Pres-VN30",1,23,470,3.42928599281486e-07,0.00163128115359793,0.0106751020102515,0.0196925906364961,TRUE
"H4","Pres-VN30",1,28,386,4.22610438089756e-07,0.00179152049174403,0.012068357274566,0.0195465574727966,TRUE
"H4","Pres-VN30",1,34,318,5.42860288186332e-07,0.00199363460957481,0.0132598317269786,0.0205354628447397,TRUE
"H4","Pres-VN30",1,42,256,2.56014170411266e-06,0.00227580018800557,0.0147689588436739,0.0761693053635367,TRUE
"H4","Pres-VN30",1,51,212,1.93994854500148e-06,0.00248979185715961,0.0165224656147958,0.0471576670579026,TRUE
"H4","Pres-VN30",1,62,174,3.30030004449293e-06,0.00282941063883357,0.0180893435863822,0.0644814263006739,TRUE
"H4","Pres-VN30",1,75,144,2.99625352435432e-06,0.00314961503496601,0.0201657055547899,0.047174538616996,TRUE
"H4","Pres-VN30",1,91,118,2.65656995432398e-06,0.0035477763025475,0.0222665774431429,0.0336288147202695,FALSE
"H4","Pres-VN30",1,110,98,4.78471298867321e-07,0.00384984245551977,0.0241662746436278,0.00514284253710488,FALSE
"H4","Pres-VN30",1,133,80,6.26738171895422e-06,0.00441769067615145,0.0275360792906249,0.0515215285616769,FALSE
"H4","Pres-VN30",1,162,66,1.28831559525818e-05,0.00471453919749595,0.0316536107773535,0.0863296052970299,FALSE
"H4","Pres-VN30",1,196,54,8.25572676516511e-06,0.00517143623343923,0.0323964694344359,0.0492772488964291,FALSE
"H4","Pres-VN30",1,238,44,2.22400334206587e-05,0.00574834231960502,0.0359522261503454,0.107613566696972,FALSE
"H4","Pres-VN30",1,288,36,2.7338938178026e-05,0.00604392263932674,0.0392734778441057,0.11517636935228,FALSE
"H4","Pres-VN30",1,350,30,2.45840635166694e-05,0.00674268679909402,0.0435647187132811,0.0836923510609711,FALSE
"H4","Pres-VN30",1,424,24,7.18056205550359e-05,0.00789686297380298,0.04821020809924,0.188610050549099,FALSE
"H4","Pres-VN30",1,515,20,-8.24578253489643e-07,0.00783181989464385,0.0538709362544293,-0.00195440543610732,FALSE
"H4","Pres-VN30",1,624,16,4.24279972681181e-05,0.00977027053558752,0.0632598750840231,0.0686463756970224,FALSE
"H4","Pres-VN30",1,758,14,-5.89972443042739e-05,0.0103190090588448,0.0602089680178496,-0.0949582165881018,FALSE
"H4","Pres-VN30",1,919,10,0.000143968132205219,0.0125051012652214,0.0858812472358356,0.134054320107943,FALSE
"H4","Pres-VN30",1,1115,8,-6.36418703934645e-05,0.0131905536991819,0.0955516963013254,-0.0504942013092182,FALSE
"H4","Pres-VN30",1,1352,8,-5.49762585940817e-05,0.0141510939104975,0.106791227303723,-0.0363789022479205,FALSE
"H4","Pres-VN30",2,5,2164,-6.46753259464976e-08,0.000456015607122345,0.00300316460772091,-0.0472258498883583,TRUE
"H4","Pres-VN30",2,6,1802,1.61669428633463e-08,0.000533759939729333,0.00364171935384786,0.00831716761134378,TRUE
"H4","Pres-VN30",2,7,1544,-1.4485594680218e-08,0.000591484888620453,0.00419922631966167,-0.00583207893841366,TRUE
"H4","Pres-VN30",2,9,1202,6.35387754296519e-08,0.000719868774877068,0.00504396459336813,0.0174990098337071,TRUE
"H4","Pres-VN30",2,11,982,2.39219527435649e-08,0.000815736873743495,0.00558389390369729,0.00525181447736306,TRUE
"H4","Pres-VN30",2,13,832,9.36629083484985e-08,0.00091841142933363,0.00612851577392621,0.0166408325712256,TRUE
"H4","Pres-VN30",2,16,676,1.76248653772321e-07,0.00102627013220215,0.00693983366576591,0.0247465725819517,TRUE
"H4","Pres-VN30",2,19,568,1.82900745403992e-07,0.00114366941979517,0.00766116604917978,0.0208746927165854,TRUE
"H4","Pres-VN30",2,23,470,3.8878129240743e-07,0.00129747404958214,0.00853635985810673,0.0351021698920845,TRUE
"H4","Pres-VN30",2,28,386,2.77135313121218e-07,0.00143464804098783,0.0095148567313317,0.0203022534426485,TRUE
"H4","Pres-VN30",2,34,318,5.87648348130655e-07,0.00161561787164112,0.0103411524220266,0.0351730420857681,TRUE
"H4","Pres-VN30",2,42,256,6.29261246041499e-07,0.00181178077200547,0.0115061253427302,0.0301853516007885,TRUE
"H4","Pres-VN30",2,51,212,1.34939787607554e-06,0.00198907882965059,0.0129681300093796,0.0523131258857032,TRUE
"H4","Pres-VN30",2,62,174,1.56242651171717e-06,0.00212241980263442,0.0144557160867893,0.0509247259484159,TRUE
"H4","Pres-VN30",2,75,144,3.06229762142882e-06,0.00240093538420946,0.016654000909819,0.0765858154404936,TRUE
"H4","Pres-VN30",2,91,118,3.01708960802677e-06,0.00270271547423238,0.0177819030724566,0.0627783131703643,FALSE
"H4","Pres-VN30",2,110,98,1.57966358750625e-06,0.00307245347218363,0.0196073262251439,0.0262217044416044,FALSE
"H4","Pres-VN30",2,133,80,2.68919956634654e-06,0.00343674473463906,0.0207583119379671,0.0376949978359169,FALSE
"H4","Pres-VN30",2,162,66,2.04810882082556e-06,0.00388674417301552,0.0229467075021021,0.0229639552593421,FALSE
"H4","Pres-VN30",2,196,54,1.10278875485211e-05,0.00432750844271263,0.0263946314285492,0.0965470043709581,FALSE
"H4","Pres-VN30",2,238,44,1.61459473055454e-05,0.00467736956349542,0.0293461728351746,0.117627908344114,FALSE
"H4","Pres-VN30",2,288,36,1.46381198880524e-05,0.00507595548251077,0.0327085844674591,0.088166935458778,FALSE
"H4","Pres-VN30",2,350,30,2.37203494261882e-05,0.00548346395604065,0.035902851540032,0.120486155213801,FALSE
"H4","Pres-VN30",2,424,24,2.15307294334495e-05,0.00598051467290307,0.0392128039311608,0.0918104857834905,FALSE
"H4","Pres-VN30",2,515,20,3.56711995221775e-05,0.00666031183586542,0.0404241454198522,0.132489756777997,FALSE
"H4","Pres-VN30",2,624,16,2.17960451062955e-05,0.00789161231084736,0.0450778794155874,0.0612700844431839,FALSE
"H4","Pres-VN30",2,758,14,-2.21178871454163e-05,0.0076750871433107,0.0519161102221973,-0.0555083319516256,FALSE
"H4","Pres-VN30",2,919,10,6.85677772424432e-05,0.00874766473382862,0.057964545174404,0.13522765251626,FALSE
"H4","Pres-VN30",2,1115,8,4.95435704843508e-06,0.0111631799468621,0.0557612219356332,0.00795915741573627,FALSE
"H4","Pres-VN30",2,1352,8,-0.000149965621416683,0.0123632532629328,0.0784996521531553,-0.154522317582025,FALSE
"H4","Pres-VN30",3,5,2164,-6.51992028616324e-08,0.00030015651135153,0.00195881091426782,-0.110892455903546,TRUE
"H4","Pres-VN30",3,6,1802,-9.10605083786418e-08,0.000387481801520172,0.00251899675341409,-0.0932934497783141,TRUE
"H4","Pres-VN30",3,7,1544,-5.07042981213361e-08,0.000457147108545567,0.00321833097288325,-0.0344633978218091,TRUE
"H4","Pres-VN30",3,9,1202,5.43743255704438e-08,0.000578410035785737,0.00401682449735007,0.0234031979821994,TRUE
"H4","Pres-VN30",3,11,982,3.17331102582007e-08,0.000674451957279932,0.00464504474580564,0.0101291200741508,TRUE
"H4","Pres-VN30",3,13,832,1.57695464525229e-07,0.000757617950514146,0.00515749442067506,0.040358050546965,TRUE
"H4","Pres-VN30",3,16,676,9.19697830779649e-08,0.000865636828583229,0.00577693439083703,0.0183912819162255,TRUE
"H4","Pres-VN30",3,19,568,1.65665317753835e-07,0.000953416115408948,0.00630875467465465,0.0275426339241315,TRUE
"H4","Pres-VN30",3,23,470,1.49634823094809e-07,0.00106682033378836,0.00724735255822625,0.0193536107022383,TRUE
"H4","Pres-VN30",3,28,386,1.13935154124352e-07,0.00121872893217,0.00816245013462588,0.0114532853711777,TRUE
"H4","Pres-VN30",3,34,318,2.82860409829887e-07,0.00137902548260461,0.00889957994792345,0.0230478471977905,TRUE
"H4","Pres-VN30",3,42,256,2.71202822397562e-07,0.00154905559540142,0.00979398188822812,0.0178758994666983,TRUE
"H4","Pres-VN30",3,51,212,8.637076702882e-07,0.00168768671170919,0.0110681694441174,0.0462380112518818,TRUE
"H4","Pres-VN30",3,62,174,7.55018916252373e-07,0.0018404917924523,0.012045969436776,0.0340551024054733,TRUE
"H4","Pres-VN30",3,75,144,7.16910203111065e-07,0.00197468518229278,0.0136454176047586,0.026606029155585,TRUE
"H4","Pres-VN30",3,91,118,1.45822363544676e-06,0.00221264225412278,0.0153205313515221,0.0430168993735852,FALSE
"H4","Pres-VN30",3,110,98,1.74231958215231e-06,0.00246975146079801,0.0170454236253133,0.0413872687976218,FALSE
"H4","Pres-VN30",3,133,80,1.7515169441163e-06,0.00279243637109605,0.018279702646592,0.0343132559821901,FALSE
"H4","Pres-VN30",3,162,66,2.10115279239655e-06,0.00316712650063173,0.0208646159187331,0.0317966839414844,FALSE
"H4","Pres-VN30",3,196,54,4.02381087517454e-06,0.00380831528660639,0.0211512042921103,0.0499539188620206,FALSE
"H4","Pres-VN30",3,238,44,5.58237416834579e-06,0.0040396178167823,0.0244224915972327,0.0565833550123553,FALSE
"H4","Pres-VN30",3,288,36,8.39369337553609e-06,0.00440044655830273,0.0275229031868755,0.0693046072530421,FALSE
"H4","Pres-VN30",3,350,30,1.92499778676343e-05,0.00480150923908425,0.0319048900520728,0.125659467013514,FALSE
"H4","Pres-VN30",3,424,24,2.08683258753291e-05,0.00510235685677627,0.0352737078409311,0.115948642063665,FALSE
"H4","Pres-VN30",3,515,20,2.88416476535693e-05,0.00559351079545591,0.037459899872736,0.137647704790633,FALSE
"H4","Pres-VN30",3,624,16,2.20563679927992e-05,0.00617604102921514,0.0398357620084982,0.0896500833017275,FALSE
"H4","Pres-VN30",3,758,14,6.41360930326187e-06,0.00638023579750773,0.0431350952849806,0.0233042434947796,FALSE
"H4","Pres-VN30",3,919,10,7.98191061032595e-05,0.00778638542312424,0.0486669462483508,0.210638069821486,FALSE
"H4","Pres-VN30",3,1115,8,1.57330137032358e-05,0.00957611856960078,0.0497667019465133,0.0330128900346817,FALSE
"H4","Pres-VN30",3,1352,8,-0.000138203773900238,0.00907992568089794,0.0602093858362397,-0.252797870542535,FALSE
